position;Title;meaning;Publ_year
1;Андрей Волос. Недвижимость (2000) // «Новый Мир», 2001 ;3;2000
2;Юрий Давыдов. Синие тюльпаны (1988-1989) ;3;1988
3;И. Грекова. Перелом (1987) ;3;1987
4;Ю. О. Домбровский. Факультет ненужных вещей, часть 2 (1978) ;3;1978
5;Юрий Трифонов. Дом на набережной (1976) ;2;1976
6;Александр Солженицын. В круге первом, т.1, гл. 1-25 (1968) // «Новый Мир», 1990 ;1;1968
7;Ю. О. Домбровский. Хранитель древностей, часть 2 (1964) ;3;1964
8;Ю. О. Домбровский. Хранитель древностей, часть 2 (1964) ;3;1964
9;И. Грекова. Летом в городе (1962) ;3;1962
10;Александр Солженицын. Один день Ивана Денисовича (1961) ;2;1961
11;И. Грекова. Первый налет (1960) ;3;1960
12;Василий Гроссман. Жизнь и судьба, ч. 1 (1960) ;2;1960
13;Василий Гроссман. Жизнь и судьба, часть 2 (1960) ;2;1960
14;М. А. Булгаков. Мастер и Маргарита, часть 2 (1929-1940) ;2;1929
15;М. А. Булгаков. Записки покойника (Театральный роман) (1936-1937) ;1;1936
16;А. Н. Толстой. Черная пятница (1924) ;1;1924
17;А. Н. Толстой. На рыбной ловле (1923) ;3;1923
18;Максим Горький. Чарли Мэн (1906) ;1;1906
19;М. Ю. Лермонтов. Герой нашего времени (1839-1841) ;2;1839
20;М. Ю. Лермонтов. Герой нашего времени (1839-1841) ;2;1839
21;Дина Рубина. Медная шкатулка (сборник) (2015) ;2;2015
22;Александр Снегирев. Вера (2015) ;3;2015
23;Людмила Макарова. Жемчужный тур (2014) ;3;2014
24;Виктор Пелевин. Любовь к трем цукербринам (2014) ;2;2014
25;Виктор Пелевин. Любовь к трем цукербринам (2014) ;2;2014
26;Виктор Пелевин. Любовь к трем цукербринам (2014) ;3;2014
27;Виктор Пелевин. Любовь к трем цукербринам (2014) ;3;2014
28;Владимир Базанов. Картина в багетной раме // «Сибирские огни», 2013 ;3;2013
29;Владимир Васильев. Шуруп (2013) ;3;2013
30;Сергей Каледин. Аллея Руж // «Огонек», 2013 ;3;2013
31;Сергей Каледин. Аллея Руж // «Огонек», 2013 ;3;2013
32;Алексей Моторов. Преступление доктора Паровозова (2013) ;2;2013
33;Виктор Пелевин. Бэтман Аполло (2013) ;3;2013
34;Виктор Пелевин. Бэтман Аполло (2013) ;3;2013
35;Виктор Пелевин. Бэтман Аполло (2013) ;3;2013
36;Алексей Иванов. Комьюнити (2012) ;3;2012
37;Алексей Иванов. Комьюнити (2012) ;1;2012
38;Ольга Новикова. Каждый убивал // «Сибирские огни», 2012 ;3;2012
39;Даниил Корецкий. Менты не ангелы, но… (2011) ;2;2011
40;Юлия Лавряшина. Улитка в тарелке (2011) ;1;2011
41;Алексей Иванов (Алексей Маврин). Псоглавцы. Гл. 1-20 (2011) ;3;2011
42;Алексей Иванов (Алексей Маврин). Псоглавцы. Гл. 21-39 (2011) ;3;2011
43;Виктор Пелевин. S.N.U.F.F (2011) ;3;2011
44;Дина Рубина. Окна (2011) ;2;2011
45;А. А. Ганиева. Вечер превращается в ночь (2010) ;3;2010
46;Григорий Дединский. Пиковая дама // «Криминальный отдел», 2010 ;2;2010
47;Борис Евсеев. Евстигней // «Октябрь», 2010 ;2;2010
48;Ю. И. Андреева. Многоточие сборки (2009) ;3;2009
49;Михаил Вартбург. Коротко о пузырях // «Знание - сила», 2009 ;1;2009
50;Михаил Вартбург. Коротко о пузырях // «Знание - сила», 2009 ;1;2009
51;Александр Иличевский. Перс (2009) ;3;2009
52;Александр Иличевский. Перс (2009) ;2;2009
53;Полина Волошина, Евгений Кульков. Маруся (2009) ;3;2009
54;Полина Волошина, Евгений Кульков. Маруся (2009) ;3;2009
55;Мариам Петросян. Дом, в котором... (2009) ;3;2009
56;Сергей Шаргунов. Обман (2009) // ,  ;3;2009
57;Альберт Валентинов. Умирать будем молодыми // «Наука и религия», 2008 ;1;2008
58;Александр Иличевский. Костер // «Октябрь», 2008 ;3;2008
59;Александр Терехов. Каменный мост (1997-2008) ;3;1997
60;Александр Терехов. Каменный мост (1997-2008) ;3;1997
61;Александр Терехов. Каменный мост (1997-2008) ;3;1997
62;В. Хорт, С. Тишина. Ведомые свыше // «Наука и жизнь», 2008 ;3;2008
63;Маша Трауб. Не вся la vie (2008) ;2;2008
64;Сергей Шаргунов. Чародей (2008) // ,  ;3;2008
65;Сергей Абаимов. Верность навсегда // «Наука и жизнь», 2007 ;3;2007
66;Сергей Абаимов. Верность навсегда // «Наука и жизнь», 2007 ;3;2007
67;Михаил Гиголашвили. Типун в зипуне (2007) // «Зарубежные записки», 2008 ;2;2007
68;Михаил Гиголашвили. Чертово колесо (2007) ;2;2007
69;Михаил Гиголашвили. Чертово колесо (2007) ;2;2007
70;Михаил Гиголашвили. Чертово колесо (2007) ;2;2007
71;Михаил Гиголашвили. Чертово колесо (2007) ;3;2007
72;Михаил Гиголашвили. Чертово колесо (2007) ;3;2007
73;Николай Желунов. Проект «Ленин» (2007) ;3;2007
74;Александр Иличевский. Горло Ушулука // «Октябрь», 2007 ;3;2007
75;Ирина Краева. Тим и Дан, или Тайна «Разбитой коленки»: сказочная повесть (2007) ;3;2007
76;Евгения Пищикова. Пятиэтажная Россия (2007) // «Русская Жизнь», 2008 ;2;2007
77;Александр Силаев. Армия Гутэнтака (2007) ;3;2007
78;Евгений Сухов. Делу конец -- сроку начало (2007) ;3;2007
79;Евгений Сухов. Делу конец -- сроку начало (2007) ;3;2007
80;Дмитрий Колодан, Карина Шаинян. Затмение (2007) ;3;2007
81;Дмитрий Колодан, Карина Шаинян. Над бездной вод (2007) ;3;2007
82;Дмитрий Колодан, Карина Шаинян. Над бездной вод (2007) ;3;2007
83;Дмитрий Колодан, Карина Шаинян. Над бездной вод (2007) ;3;2007
84;Захар Прилепин. Санькя (2006) ;3;2006
85;коллективный. Мы работаем на грани известного и неизвестного // «Знание - сила», 2006 ;3;2006
86;обобщенный. Кунсткамера // «Наука и жизнь», 2006 ;3;2006
87;Дмитрий Глуховский. Метро 2033 (2005) ;3;2005
88;Александр Иличевский. Бутылка (2005) // «Зарубежные записки», 2008 ;2;2005
89;Александр Терехов. Коммуналка (1995-2005) ;3;1995
90;Андрей Геласимов. Рахиль (2004) // «Октябрь», 2003 ;3;2004
91;Геннадий Горелик. Андрей Сахаров. Наука и свобода (2004) ;1;2004
92;Елена Хаецкая. Синие стрекозы Вавилона/ Семеро праведных в раю господина (2004) ;3;2004
93;Елена Хаецкая. Синие стрекозы Вавилона/ Семеро праведных в раю господина (2004) ;3;2004
94;Гаджеты (2004) // «Хулиган», 2004.08.15 ;3;2004
95;Анатолий Азольский. Глаша // «Новый Мир», 2003 ;2;2003
96;Олег Гладов. Любовь стратегического назначения (2000-2003) ;3;2000
97;Олег Гладов. Любовь стратегического назначения (2000-2003) ;3;2000
98;Александр Клейн. Алхимическая формула Творца // «Пятое измерение», 2003 ;3;2003
99;Илья Крупник. Струна // «Звезда», 2003 ;3;2003
100;Игорь Ларин. Заповеди Мераба // «Звезда», 2003 ;3;2003
101;Н. Леонов, А. Макеев. Гроссмейстер сыска (2003) ;3;2003
102;Марина Москвина. Небесные тихоходы: путешествие в Индию (2003) ;0;2003
103;В. В. Овчинников. Калейдоскоп жизни (2003) ;0;2003
104;Татьяна Устинова. Большое зло и мелкие пакости (2003) ;0;2003
105;Татьяна Устинова. Подруга особого назначения (2003) ;0;2003
106;Татьяна Устинова. Подруга особого назначения (2003) ;0;2003
107;Борис Устюгов. Николай Фоменко: «У нас вся страна едет в левом ряду» (2003) // «Известия», 2003.02.03 ;0;2003
108;Г. Я. Бакланов. Дурень // «Знамя», 2002 ;0;2002
109;Ксения Букша. Эрнст и Анна (2002) ;0;2002
110;Дмитрий Быков. Орфография (2002) ;0;2002
111;Дмитрий Быков. Орфография (2002) ;0;2002
112;Дмитрий Быков. Орфография (2002) ;0;2002
113;Влада Валеева. Скорая помощь (2002) ;0;2002
114;Дмитрий Емец. Таня Гроттер и магический контрабас (2002) ;0;2002
115;Виталий Кржишталович. Осада // «Звезда», 2002 ;0;2002
116;Борис Мурадов. Джордж Харрисон. Памяти поклонника Ф-1 (2002) // «Формула», 2002.01.15 ;1;2002
117;Владимир Скрипкин. Тинга // «Октябрь», 2002 ;1;2002
118;Дмитрий Соколов-Митрич. Челюсти. Пенсионерам спилили зубы (2002) // «Известия», 2002.02.08 ;3;2002
119;Татьяна Устинова. Персональный ангел (2002) ;0;2002
120;Елена Чижова. Лавра // «Звезда», 2002 ;0;2002
121;Александр Гаррос, Алексей Евдокимов. [Голово]ломка (2001) ;2;2001
122;Александр Гаррос, Алексей Евдокимов. [Голово]ломка (2001) ;0;2001
123;Андрей Дмитриев. Дорога обратно // «Знамя», 2001 ;2;2001
124;Марина Дяченко, Сергей Дяченко. Магам можно все (2001) ;0;2001
125;Марина Дяченко, Сергей Дяченко. Магам можно все (2001) ;0;2001
126;Марина Дяченко, Сергей Дяченко. Магам можно все (2001) ;0;2001
127;Марина Дяченко, Сергей Дяченко. Магам можно все (2001) ;0;2001
128;Марина Дяченко, Сергей Дяченко. Магам можно все (2001) ;0;2001
129;Марина Дяченко, Сергей Дяченко. Магам можно все (2001) ;1;2001
130;Андрей Измайлов. Трюкач (2001) ;0;2001
131;Кирилл Кобрин. Обманщик (о кн. Теофиля Готье «Путешествие на Восток») // «Октябрь», 2001 ;0;2001
132;Елизавета Козырева. Дамская охота (2001) ;0;2001
133;Борис Минаев. Детство Левы (2001) ;0;2001
134;Александр Михайлов. Капкан для одинокого волка (2001) ;0;2001
135;Александр Михайлов. Капкан для одинокого волка (2001) ;0;2001
136;Александр Михайлов. Капкан для одинокого волка (2001) ;0;2001
137;Александр Михайлов. Капкан для одинокого волка (2001) ;0;2001
138;Ольга Славникова. Бессмертный. Повесть о настоящем человеке (2000-2001) // «Октябрь», 2001 ;0;2000
139;Ольга Славникова. Бессмертный. Повесть о настоящем человеке (2000-2001) // «Октябрь», 2001 ;0;2000
140;Виктор Слипенчук. Зинзивер (2001) ;0;2001
141;Виктор Слипенчук. Зинзивер (2001) ;3;2001
142;Сергей Таранов. Черт за спиной (2001) ;0;2001
143;Борис Хазанов. Апофеоз (2001) ;0;2001
144;Михаил Ходаренок. Зенитные ракетные страсти // «Звезда», 2001 ;1;2001
145;Леонид Юзефович. Костюм Арлекина (2001) ;0;2001
146;Леонид Юзефович. Костюм Арлекина (2001) ;0;2001
147;Марианна Баконина. Девять граммов пластита (2000) ;0;2000
148;Марианна Баконина. Девять граммов пластита (2000) ;0;2000
149;Марианна Баконина. Школа двойников (2000) ;0;2000
150;Юрий Буйда. Щина // «Знамя», 2000 ;1;2000
151;Виктор Доценко. Тридцатого уничтожить! (2000) ;2;2000
152;Андрей Житков. Супермаркет (2000) ;0;2000
153;Алексей Иванов. Сердце Пармы (2000) ;0;2000
154;Владимир Кунин. Кыся (1998-2000) ;0;1998
155;Анатолий Мельник. Авторитет (2000) ;0;2000
156;Татьяна Моспан. Подиум (2000) ;0;2000
157;Валерий Попов. Ужас победы (2000) ;0;2000
158;Валерий Попов. Ужас победы (2000) ;0;2000
159;Алексей Рыбин. Последняя игра (2000) ;0;2000
160;Владимир Черкасов. Черный ящик (2000) ;0;2000
161;Владимир Черкасов. Черный ящик (2000) ;0;2000
162;Сергей Каледин. Записки гробокопателя (1987-1999) ;0;1987
163;Николай Климонтович. Последняя газета (1997-1999) ;0;1997
164;Сергей Осипов. Страсти по Фоме. Книга вторая. Примус интер парэс (1998) ;0;1998
165;Сергей Осипов. Страсти по Фоме. Книга третья. Книга Перемен (1998) ;3;1998
166;Ирина Ратушинская. Одесситы (1998) ;0;1998
167;Ирина Ратушинская. Одесситы (1998) ;0;1998
168;Михаил Чулаки. Прощай, зеленая Пряжка (1998) ;0;1998
169;Евгений Весник. Дарю, что помню (1997) ;0;1997
170;Марина Вишневецкая. Вышел месяц из тумана (1997) ;1;1997
171;Евгений Лукин. Катали мы ваше солнце (1997) ;0;1997
172;Евгений Лукин. Катали мы ваше солнце (1997) ;0;1997
173;Владимир Маканин. Андеграунд, или герой нашего времени (1996-1997) ;2;1996
174;Владимир Маканин. Андеграунд, или герой нашего времени (1996-1997) ;0;1996
175;Владимир Маканин. Андеграунд, или герой нашего времени (1996-1997) ;1;1996
176;Митьки. Постскриптум (1997) ;0;1997
177;Иван Охлобыстин. Горе от ума (1997) // «Столица», 1997.07.29 ;0;1997
178;Валерий Панюшкин. Ветер с Востока (1997) // «Столица», 1997.02.17 ;3;1997
179;Сергей Тополь, Владимир Шухмин. К вопросу о культуре мордобоя (1997) // «Столица», 1997.06.17 ;0;1997
180;Вячеслав Костиков. Роман с президентом (1996) ;2;1996
181;Андрей Лазарчук, Михаил Успенский. Посмотри в глаза чудовищ (1996) ;0;1996
182;Андрей Лазарчук, Михаил Успенский. Посмотри в глаза чудовищ (1996) ;0;1996
183;Андрей Лазарчук, Михаил Успенский. Посмотри в глаза чудовищ (1996) ;3;1996
184;Андрей Лазарчук, Михаил Успенский. Посмотри в глаза чудовищ (1996) ;0;1996
185;Константин Серафимов. Экспедиция во мрак (1978-1996) ;3;1978
186;Константин Серафимов. Экспедиция во мрак (1978-1996) ;0;1978
187;Семен Экштут. Новорожденная свобода // «Родина», 1996 ;0;1996
188;Ю. Баженов. Земля людей. В Гватемалу с черного хода // «Вокруг света», 1995 ;0;1995
189;Михаил Козаков. Актерская книга (1978-1995) ;2;1978
190;Андрей Лазарчук. Все, способные держать оружие... (1995) ;0;1995
191;Андрей Лазарчук. Все, способные держать оружие... (1995) ;3;1995
192;Сергей Солоух. Клуб одиноких сердец унтера Пришибеева (1991-1995) ;0;1991
193;Марина Дяченко, Сергей Дяченко. Привратник (1994) ;0;1994
194;Марина Дяченко, Сергей Дяченко. Привратник (1994) ;0;1994
195;Николай Климонтович. Дорога в Рим (1991-1994) ;2;1991
196;Ю. М. Нагибин. Моя золотая теща (1994) ;0;1994
197;Анатолий Найман. Славный конец бесславных поколений (1994) ;2;1994
198;Анатолий Найман. Славный конец бесславных поколений (1994) ;2;1994
199;Нина Садур. Сад (1994) ;2;1994
200;Виктор Пелевин. Жизнь насекомых (1993) ;3;1993
201;Виктор Пелевин. Жизнь насекомых (1993) ;3;1993
202;Вячеслав Рыбаков. Гравилет «Цесаревич» (1993) ;0;1993
203;Александра Маринина. Стечение обстоятельств (1992) ;0;1992
204;Анатолий Приставкин. Кукушата или жалобная песнь для успокоения сердца (1992) ;0;1992
205;Виктор Астафьев. Последний поклон (1968-1991) ;0;1968
206;Виктор Астафьев. Последний поклон (1968-1991) ;0;1968
207;Алексей Иванов. Охота на «Большую Медведицу» (1990-1991) ;1;1990
208;Алексей Иванов. Победитель Хвостика (1990-1991) ;0;1990
209;Алексей Иванов. Победитель Хвостика (1990-1991) ;1;1990
210;Александр Кабаков. Сочинитель (1990-1991) ;0;1990
211;Александр Кабаков. Сочинитель (1990-1991) ;0;1990
212;Александр Терехов. Мемуары срочной службы (1991) ;2;1991
213;Александр Кабаков. Русские не придут (1990) ;3;1990
214;Владимир Маканин. Гражданин убегающий (1970-1990) ;0;1970
215;Еремей Парнов. Александрийская гемма (1990) ;0;1990
216;Михаил Анчаров. Как Птица Гаруда (1989) ;0;1989
217;Михаил Анчаров. Как Птица Гаруда (1989) ;0;1989
218;Михаил Анчаров. Как Птица Гаруда (1989) ;0;1989
219;Фазиль Искандер. Сандро из Чегема (Книга 1) (1989) ;0;1989
220;Фазиль Искандер. Сандро из Чегема (Книга 2) (1989) ;2;1989
221;Владимир Сорокин. Кисет // «Родник», 1989 ;2;1989
222;О. В. Волков. Из воспоминаний старого тенишевца (1988) ;2;1988
223;Аркадий Вайнер, Георгий Вайнер. Лекарство против страха (1987) ;1;1987
224;Владимир Дудинцев. Белые одежды / Вторая часть (1987) ;0;1987
225;Владимир Личутин. Любостай (1987) ;0;1987
226;Дмитрий Биленкин. Все образы мира (1985) ;0;1985
227;Еремей Парнов. Третий глаз Шивы (1985) ;3;1985
228;Юрий Дружков (Постников). Волшебная школа (1984) ;0;1984
229;Владимир Маканин. Утрата (1984) ;0;1984
230;Владимир Маканин. Утрата (1984) ;0;1984
231;В. Лихоносов. Ненаписанные воспоминания. Наш маленький Париж. Ч. 1-2 (1983) ;0;1983
232;В. Лихоносов. Ненаписанные воспоминания. Наш маленький Париж. Ч. 5 (1983) ;0;1983
233;В. Лихоносов. Ненаписанные воспоминания. Наш маленький Париж. Ч. 5 (1983) ;0;1983
234;Михаил Тарковский. С людьми и без людей (1983) // «Октябрь», 2003 ;0;1983
235;Артем Анфиногенов. А внизу была земля (1982) ;0;1982
236;Сергей Довлатов. Зона (Записки надзирателя) (1965-1982) ;3;1965
237;Леонид Утесов. «Спасибо, сердце!» (1982) ;0;1982
238;Леонид Утесов. «Спасибо, сердце!» (1982) ;2;1982
239;В. П. Катаев. Юношеский роман (1980-1981) ;0;1980
240;Нина Катерли. Коллекция доктора Эмиля (1981) ;3;1981
241;С. Кулябин. Стакан воды // «Огонек», 1981 ;0;1981
242;Ю. В. Трифонов. Исчезновение (1981) ;0;1981
243;Михаил Анчаров. Самшитовый лес (1979) ;1;1979
244;Г. Я. Бакланов. Навеки девятнадцатилетние (1979) ;0;1979
245;Евгений Велтистов. Ноктюрн пустоты (Телерепортаж Джона Бари, спецкора) (1978-1979) ;0;1978
246;Владислав Крапивин. Трое с площади Карронад (1979) ;0;1979
247;Владислав Крапивин. Трое с площади Карронад (1979) ;0;1979
248;Владислав Крапивин. Трое с площади Карронад (1979) ;0;1979
249;Всеволод Овчинников. Корни дуба. Впечатления и размышления об Англии и англичанах (1974-1978) // «Новый мир», 1979 ;0;1974
250;Виктор Пронин. Самоубийство (1978) ;0;1978
251;Виктор Пронин. Самоубийство (1978) ;0;1978
252;Виктор Пронин. Самоубийство (1978) ;2;1978
253;Владимир Личутин. Крылатая Серафима (1977) ;0;1977
254;Булат Окуджава. Путешествие дилетантов (Из записок отставного поручика Амирана Амилахвари) (1971-1977) ;1;1971
255;Василий Песков, Борис Стрельников. Земля за океаном (1977) ;2;1977
256;Василий Песков, Борис Стрельников. Земля за океаном (1977) ;0;1977
257;Сергей Залыгин. Комиссия (1976) ;0;1976
258;Владислав Крапивин. Болтик (1976) ;0;1976
259;Борис Хазанов. Я воскресение и жизнь (1976) ;0;1976
260;Эдуард Шим. Ребята с нашего двора (1976) ;0;1976
261;Юрий Бондарев. Берег (1975) ;0;1975
262;Евгений Велтистов. Победитель невозможного (1975) ;0;1975
263;Владимир Войнович. Жизнь и необычайные приключения солдата Ивана Чонкина (1969-1975) ;0;1969
264;Р. Б. Гуль. Котовский. Анархист ? маршал (1975) ;0;1975
265;А. И. Солженицын. Бодался теленок с дубом (1967-1974) ;0;1967
266;Федор Кнорре. Каменный венок (1973) ;0;1973
267;Федор Кнорре. Каменный венок (1973) ;0;1973
268;Ю. В. Трифонов. Нетерпение (1973) ;0;1973
269;С. М. Голицын. Тайна старого Радуля (1972) ;0;1972
270;Роман Кармен. Но пасаран! [Ч. 1] (1972) ;0;1972
271;Роман Кармен. Но пасаран! [Ч. 1] (1972) ;0;1972
272;Аркадий Стругацкий, Борис Стругацкий. Град обреченный (1972) ;0;1972
273;М. М. Рощин. Ремонт (1971) ;0;1971
274;Ю. В. Трифонов. Долгое прощание (1971) ;1;1971
275;Василий Аксенов. Любовь к электричеству (1969) ;0;1969
276;Н. Баранская. Неделя как неделя (1969) ;0;1969
277;Юрий Бондарев. Горячий снег (1969) ;0;1969
278;Юрий Бондарев. Горячий снег (1969) ;3;1969
279;Юрий Бондарев. Горячий снег (1969) ;0;1969
280;Юрий Бондарев. Горячий снег (1969) ;0;1969
281;Юрий Бондарев. Горячий снег (1969) ;0;1969
282;Юрий Бондарев. Горячий снег (1969) ;0;1969
283;И. А. Ефремов. Час быка (1968-1969) ;3;1968
284;И. А. Ефремов. Час быка (1968-1969) ;0;1968
285;Валентина Осеева. Динка прощается с детством (1969) ;3;1969
286;Валентина Осеева. Динка прощается с детством (1969) ;0;1969
287;А. Т. Твардовский. Рабочие тетради 60-х годов (1969) // «Знамя», 2004 ;2;1969
288;Федор Абрамов. Две зимы и три лета (1968) ;0;1968
289;Виль Липатов. Деревенский детектив (1967-1968) ;1;1967
290;Виль Липатов. Деревенский детектив/ Три зимних дня (1967-1968) ;0;1967
291;Василий Белов. Привычное дело (1967) ;0;1967
292;Василий Белов. Привычное дело (1967) ;0;1967
293;Дмитрий Биленкин. Космический бог (1967) ;0;1967
294;Евгений Велтистов. Глоток солнца (1967) ;0;1967
295;Евгений Велтистов. Глоток солнца (1967) ;0;1967
296;Сергей Залыгин. Соленая Падь (1967) ;0;1967
297;Федор Кнорре. Шорох сухих листьев (1967) ;0;1967
298;Аркадий Стругацкий, Борис Стругацкий. Гадкие лебеди (1967) ;0;1967
299;Аркадий Стругацкий, Борис Стругацкий. Полдень. XXII век (1961-1967) ;3;1961
300;Аркадий Стругацкий, Борис Стругацкий. Полдень. XXII век (1961-1967) ;1;1961
301;обобщенный. Клуб «Юный химик» // «Химия и жизнь», 1967 ;0;1967
302;Виктор Курочкин. На войне как на войне (1965) ;0;1965
303;Евгений Пермяк. Бабушкины кружева (1955-1965) ;1;1955
304;Эдуард Шим. Когда погаснет (1964) ;0;1964
305;М. М. Бахтин. Проблемы поэтики Достоевского (1963) ;0;1963
306;И. А. Ефремов. Лезвие бритвы (1959-1963) ;2;1959
307;Юрий Казаков. Ночлег (1963) ;0;1963
308;А. И. Солженицын. Для пользы дела (1963) ;0;1963
309;Аркадий Стругацкий, Борис Стругацкий. Трудно быть богом (1963) ;0;1963
310;Аркадий Стругацкий, Борис Стругацкий. Трудно быть богом (1963) ;2;1963
311;Аркадий Стругацкий, Борис Стругацкий. Трудно быть богом (1963) ;0;1963
312;Аркадий Стругацкий, Борис Стругацкий. Трудно быть богом (1963) ;0;1963
313;Аркадий Стругацкий, Борис Стругацкий. Трудно быть богом (1963) ;0;1963
314;Василий Аксенов. Коллеги (1962) ;0;1962
315;Даниил Гранин. Иду на грозу (1962) ;0;1962
316;Рид Грачев. Адамчик (1962) ;0;1962
317;Юрий Казаков. Адам и Ева (1962) ;0;1962
318;Юрий Трифонов. Утоление жажды (1959-1962) ;2;1959
319;Юрий Казаков. Осень в дубовых лесах (1961) ;0;1961
320;И. Меттер. Мухтар (1960) ;0;1960
321;Б. В. Шергин. Мартынко (1930-1960) ;2;1930
322;Б. В. Шергин. У Архангельского города (1930-1960) ;0;1930
323;Рид Грачев. Подозрение (1959) ;0;1959
324;Рид Грачев. Подозрение (1959) ;0;1959
325;Рид Грачев. Подозрение (1959) ;0;1959
326;Л. М. Леонов. Вор. Части 1-2 (1927) ;2;1927
327;Л. М. Леонов. Вор. Части 1-2 (1927) ;0;1927
328;Валентина Осеева. Динка (1959) ;0;1959
329;Аркадий Стругацкий, Борис Стругацкий. Путь на Амальтею (1959) ;0;1959
330;М. А. Шолохов. Поднятая целина. Книга 2 (1959) ;0;1959
331;М. А. Шолохов. Поднятая целина. Книга 2 (1959) ;0;1959
332;Владимир Дудинцев. Не хлебом единым (1956) ;3;1956
333;Николай Тихонов. Белое чудо // «Огонек». №№ 18, 23, 1956 ;1;1956
334;Лазарь Лагин. Старик Хоттабыч (1955) ;2;1955
335;Б. Л. Пастернак. Доктор Живаго (1945-1955) ;0;1945
336;Даниил Гранин. Искатели (1954) ;0;1954
337;Л. М. Леонов. Русский лес (1950-1953) ;2;1950
338;Л. М. Леонов. Русский лес (1950-1953) ;0;1950
339;Михаил Бубеннов. Белая береза / части 3-6 (1942-1952) ;3;1942
340;А. И. Пантелеев. Ленька Пантелеев (1938-1952) ;0;1938
341;Нина Федорова. Семья [автоперевод] (1952) ;0;1952
342;А. Морозов. Дорога // «Техника - молодежи», 1951 ;0;1951
343;Николай Дубов. На краю земли (1950) ;2;1950
344;Ф. В. Гладков. Повесть о детстве (1948) ;0;1948
345;Л. А. Кассиль. История с бородой (1945-1948) ;0;1945
346;Герман Матвеев. Зеленые цепочки (1945) ;3;1945
347;В. Ф. Панова. Спутники (1945) ;3;1945
348;В. Я. Шишков. Емельян Пугачев. Книга вторая. Ч. 1-2 (1939-1945) ;0;1939
349;Вениамин Каверин. Два капитана (1938-1944) ;0;1938
350;В. П. Катаев. Сын полка (1944) ;0;1944
351;В. П. Катаев. Сын полка (1944) ;0;1944
352;В. П. Катаев. Сын полка (1944) ;0;1944
353;А. С. Новиков-Прибой. Капитан первого ранга (1936-1944) ;0;1936
354;А. Н. Толстой. Петр Первый. Книга третья (1944) ;0;1944
355;А. Н. Толстой. Петр Первый. Книга третья (1944) ;0;1944
356;А. Н. Толстой. Петр Первый. Книга третья (1944) ;2;1944
357;И. С. Шмелев. Лето Господне (1927-1944) ;0;1927
358;Константин Воробьев. Это мы, Господи!. (1943) ;0;1943
359;А. С. Серафимович. Юная армия (1943) ;0;1943
360;С. Н. Сергеев-Ценский. У края воронки (1943) ;0;1943
361;Ю. Н. Тынянов. Пушкин (1935-1943) ;0;1935
362;Б. С. Житков. Виктор Вавич. Книга вторая (1941) ;3;1941
363;Б. С. Житков. Виктор Вавич. Книга вторая (1941) ;0;1941
364;Б. С. Житков. Виктор Вавич. Книга вторая (1941) ;3;1941
365;Б. С. Житков. Виктор Вавич. Книга первая (1941) ;2;1941
366;Б. С. Житков. Виктор Вавич. Книга первая (1941) ;2;1941
367;Б. С. Житков. Виктор Вавич. Книга первая (1941) ;2;1941
368;Б. С. Житков. Виктор Вавич. Книга первая (1941) ;0;1941
369;А. Н. Толстой. Хождение по мукам/ Книга третья. Хмурое утро (1941) ;3;1941
370;П. П. Бажов. Ермаковы лебеди (1940) ;0;1940
371;М. А. Шолохов. Тихий Дон. Книга вторая (1928-1940) ;2;1928
372;М. А. Шолохов. Тихий Дон. Книга вторая (1928-1940) ;0;1928
373;М. А. Шолохов. Тихий Дон. Книга вторая (1928-1940) ;0;1928
374;М. А. Шолохов. Тихий Дон. Книга вторая (1928-1940) ;0;1928
375;М. А. Шолохов. Тихий Дон. Книга вторая (1928-1940) ;1;1928
376;М. А. Шолохов. Тихий Дон. Книга первая (1928-1940) ;1;1928
377;М. А. Шолохов. Тихий Дон. Книга первая (1928-1940) ;0;1928
378;М. А. Шолохов. Тихий Дон. Книга первая (1928-1940) ;0;1928
379;М. А. Шолохов. Тихий Дон. Книга первая (1928-1940) ;0;1928
380;М. А. Шолохов. Тихий Дон. Книга первая (1928-1940) ;2;1928
381;М. А. Шолохов. Тихий Дон. Книга первая (1928-1940) ;0;1928
382;М. А. Шолохов. Тихий Дон. Книга третья (1928-1940) ;1;1928
383;М. А. Шолохов. Тихий Дон. Книга третья (1928-1940) ;0;1928
384;М. А. Шолохов. Тихий Дон. Книга третья (1928-1940) ;2;1928
385;М. А. Шолохов. Тихий Дон. Книга четвёртая (1928-1940) ;0;1928
386;М. А. Шолохов. Тихий Дон. Книга четвёртая (1928-1940) ;0;1928
387;А. М. Волков. Волшебник Изумрудного города (1939) ;0;1939
388;С. Т. Григорьев. Александр Суворов (1939) ;0;1939
389;В. П. Катаев. Под Сморгонью (1939) ;0;1939
390;А. Н. Толстой. Аэлита. (Закат Марса.) (1939) ;1;1939
391;А. П. Гайдар. Судьба барабанщика (1938) ;0;1938
392;В. К. Кетлинская. Мужество (1934-1938) ;0;1934
393;К. С. Станиславский. Работа актера над собой (1938) ;0;1938
394;А. И. Батюто. Дневник (1937) ;2;1937
395;С. Д. Мстиславский. Грач ? птица весенняя (1937) ;0;1937
396;С. Д. Мстиславский. Грач ? птица весенняя (1937) ;0;1937
397;С. Д. Мстиславский. Грач ? птица весенняя (1937) ;0;1937
398;С. Д. Мстиславский. Грач ? птица весенняя (1937) ;0;1937
399;С. Д. Мстиславский. Грач ? птица весенняя (1937) ;1;1937
400;В. В. Набоков. Дар (1935-1937) ;0;1935
401;А. Н. Толстой. Гиперболоид инженера Гарина (1925-1927) ;0;1925
402;А. Н. Толстой. Гиперболоид инженера Гарина (1925-1927) ;0;1925
403;А. П. Чапыгин. Гулящие люди (1937) ;0;1937
404;А. П. Чапыгин. Гулящие люди (1937) ;0;1937
405;А. П. Чапыгин. Гулящие люди (1937) ;0;1937
406;А. П. Чапыгин. Гулящие люди (1937) ;0;1937
407;Илья Ильф, Евгений Петров. Одноэтажная Америка (1936) ;0;1936
408;В. П. Катаев. Белеет парус одинокий (1936) ;0;1936
409;В. П. Катаев. Белеет парус одинокий (1936) ;0;1936
410;В. П. Катаев. Белеет парус одинокий (1936) ;0;1936
411;В. П. Катаев. Белеет парус одинокий (1936) ;0;1936
412;Б. А. Лавренев. Комендант Пушкин (1936) ;0;1936
413;А. Р. Беляев. Чудесное око (1935) ;0;1935
414;В. В. Вересаев. Воспоминания (1925-1935) ;0;1925
415;Максим Горький. Жизнь Клима Самгина. Часть 4 (1928-1935) ;0;1928
416;Максим Горький. Жизнь Клима Самгина. Часть 4 (1928-1935) ;0;1928
417;Максим Горький. Жизнь Клима Самгина. Часть 4 (1928-1935) ;0;1928
418;Максим Горький. Жизнь Клима Самгина. Часть 4 (1928-1935) ;0;1928
419;Максим Горький. Жизнь Клима Самгина. Часть 4 (1928-1935) ;1;1928
420;Максим Горький. Жизнь Клима Самгина. Часть 4 (1928-1935) ;1;1928
421;А. С. Бухов. О лирике (1934) ;0;1934
422;К. К. Вагинов. Гарпагониада (1934) ;0;1934
423;В. А. Гиляровский. Москва и москвичи (1926-1934) ;0;1926
424;В. А. Гиляровский. Москва и москвичи (1926-1934) ;2;1926
425;В. А. Гиляровский. Москва и москвичи (1926-1934) ;0;1926
426;В. А. Гиляровский. Москва и москвичи (1926-1934) ;2;1926
427;В. А. Гиляровский. Москва и москвичи (1926-1934) ;2;1926
428;Н. А. Островский. Как закалялась сталь (1930-1934) ;0;1930
429;Г. В. Иванов. Александр Иванович (1933) ;0;1933
430;А. Н. Толстой. Петр Первый. Книга вторая (1933) ;0;1933
431;В. Я. Шишков. Угрюм-река. Ч. 1-4 (1928-1933) ;0;1928
432;В. Я. Шишков. Угрюм-река. Ч. 1-4 (1928-1933) ;0;1928
433;В. Я. Шишков. Угрюм-река. Ч. 1-4 (1928-1933) ;0;1928
434;Артем Веселый. Россия, кровью умытая (1924-1932) ;0;1924
435;Артем Веселый. Россия, кровью умытая (1924-1932) ;0;1924
436;Артем Веселый. Россия, кровью умытая (1924-1932) ;0;1924
437;Артем Веселый. Россия, кровью умытая (1924-1932) ;3;1924
438;В. П. Катаев. Время, вперед! (1931-1932) ;0;1931
439;В. П. Катаев. Время, вперед! (1931-1932) ;2;1931
440;В. П. Катаев. Время, вперед! (1931-1932) ;0;1931
441;Л. С. Соболев. Капитальный ремонт (1932) ;0;1932
442;Н. А. Тэффи. Воспоминания (1932) ;3;1932
443;Ф. И. Шаляпин. Моим детям (1932) ;0;1932
444;В. Я. Шишков. Угрюм-река. Ч. 5-8 (1913-1932) ;0;1913
445;В. Я. Шишков. Угрюм-река. Ч. 5-8 (1913-1932) ;0;1913
446;В. Я. Шишков. Угрюм-река. Ч. 5-8 (1913-1932) ;2;1913
447;В. Я. Шишков. Угрюм-река. Ч. 5-8 (1913-1932) ;0;1913
448;М. А. Шолохов. Поднятая целина. Книга 1 (1932) ;2;1932
449;М. А. Шолохов. Поднятая целина. Книга 1 (1932) ;0;1932
450;М. А. Шолохов. Поднятая целина. Книга 1 (1932) ;0;1932
451;М. А. Шолохов. Поднятая целина. Книга 1 (1932) ;0;1932
452;Л. И. Добычин. Пожалуйста (1931) ;2;1931
453;Б. С. Житков. Про обезьянку (1931) ;0;1931
454;Илья Ильф, Евгений Петров. Золотой теленок (1931) ;0;1931
455;Илья Ильф, Евгений Петров. Золотой теленок (1931) ;0;1931
456;П. С. Романов. Белая свинья (1931) ;0;1931
457;И. С. Шмелев. Богомолье (1930-1931) ;0;1930
458;И. Э. Бабель. Колывушка (Из книги «Великая Старица») (1930) ;0;1930
459;Андрей Белый. Начало века (1930) ;0;1930
460;Андрей Белый. Начало века (1930) ;0;1930
461;Г. Г. Белых. Дом веселых нищих (1930) ;0;1930
462;Г. Г. Белых. Дом веселых нищих (1930) ;0;1930
463;Б. С. Житков. Утопленник (1930) ;0;1930
464;Б. С. Житков. Черные паруса (1930) ;0;1930
465;М. М. Зощенко. Доктор медицины (1920-1930) ;0;1920
466;А. Н. Толстой. Петр Первый. Книга первая (1930) ;0;1930
467;А. Н. Толстой. Петр Первый. Книга первая (1930) ;1;1930
468;А. Н. Толстой. Петр Первый. Книга первая (1930) ;0;1930
469;Ю. Н. Тынянов. Восковая персона (1930) ;0;1930
470;Ю. Н. Тынянов. Восковая персона (1930) ;2;1930
471;Н. Н. Шпанов. Домик у пролива (1930) ;0;1930
472;Н. Н. Шпанов. Домик у пролива (1930) ;0;1930
473;Андрей Белый. На рубеже двух столетий (1929) ;0;1929
474;Андрей Белый. На рубеже двух столетий (1929) ;0;1929
475;В. В. Виноградов. Эволюция русского натурализма. Гоголь и Достоевский (1920-1929) ;0;1920
476;А. П. Гайдар. Школа (1929) ;0;1929
477;А. П. Гайдар. Школа (1929) ;0;1929
478;П. С. Романов. За этим дело не станет (1929) ;0;1929
479;А. Успенский. Переподготовка (1920-1929) ;0;1920
480;И. Э. Бабель. Мой первый гонорар (1922-1928) ;0;1922
481;К. К. Вагинов. Козлиная песнь (1928) ;0;1928
482;Максим Горький. Жизнь Клима Самгина. Часть 2 (1928) ;0;1928
483;Максим Горький. Жизнь Клима Самгина. Часть 2 (1928) ;0;1928
484;Максим Горький. Жизнь Клима Самгина. Часть 2 (1928) ;0;1928
485;Максим Горький. Жизнь Клима Самгина. Часть 2 (1928) ;2;1928
486;Максим Горький. Жизнь Клима Самгина. Часть 2 (1928) ;0;1928
487;Б. С. Житков. Беспризорная кошка (1928) ;0;1928
488;А. Ф. Кошко. Очерки уголовного мира царской России. 2 (1928) ;0;1928
489;А. Ф. Кошко. Очерки уголовного мира царской России. 3 (1928) ;0;1928
490;А. Ф. Кошко. Очерки уголовного мира царской России. 3 (1928) ;0;1928
491;П. С. Романов. Голубое платье (1928) ;0;1928
492;А. Н. Толстой. Хождение по мукам/ Книга вторая. Восемнадцатый год (1928) ;0;1928
493;А. Н. Толстой. Хождение по мукам/ Книга вторая. Восемнадцатый год (1928) ;0;1928
494;А. Н. Толстой. Хождение по мукам/ Книга вторая. Восемнадцатый год (1928) ;0;1928
495;Ю. Н. Тынянов. Смерть Вазир-Мухтара (1928) ;0;1928
496;Ю. Н. Тынянов. Смерть Вазир-Мухтара (1928) ;0;1928
497;Ю. Н. Тынянов. Смерть Вазир-Мухтара (1928) ;0;1928
498;В. А. Гиляровский. Мои скитания (1927) ;0;1927
499;В. А. Гиляровский. Мои скитания (1927) ;0;1927
500;В. А. Гиляровский. Мои скитания (1927) ;2;1927
501;В. А. Гиляровский. Мои скитания (1927) ;2;1927
502;Б. С. Житков. Пудя (1927) ;0;1927
503;Б. С. Житков. Пудя (1927) ;0;1927
504;Б. С. Житков. Тихон Матвеич (1927) ;0;1927
505;В. П. Катаев. Раб (1927) ;3;1927
506;С. А. Клычков. Князь мира (1927) ;0;1927
507;С. А. Клычков. Князь мира (1927) ;0;1927
508;С. А. Клычков. Князь мира (1927) ;2;1927
509;М. М. Пришвин. Дневники (1927) ;0;1927
510;П. С. Романов. Право на жизнь, или проблема беспартийности (1927) ;0;1927
511;Б. А. Садовской. Невольник чести (1927) ;0;1927
512;С. Н. Сергеев-Ценский. Старый полоз (1927) ;2;1927
513;А. Н. Толстой. Бывалый человек (1927) ;0;1927
514;А. Н. Толстой. Бывалый человек (1927) ;0;1927
515;Андрей Белый. Москва. Часть 1. Московский чудак (1926) ;0;1926
516;А. С. Грин. Бегущая по волнам (1926) ;0;1926
517;А. С. Грин. Бегущая по волнам (1926) ;0;1926
518;А. С. Грин. Золотая цепь (1926) ;0;1926
519;В. А. Каверин. Девять десятых судьбы (1926) ;0;1926
520;В. А. Каверин. Девять десятых судьбы (1926) ;0;1926
521;С. А. Клычков. Чертухинский балакирь (1926) ;0;1926
522;С. А. Клычков. Чертухинский балакирь (1926) ;0;1926
523;П. К. Козлов. Географический дневник Тибетской экспедиции 1923-1926 гг. №5 (1926) ;2;1926
524;А. Ф. Кошко. Очерки уголовного мира царской России. 1 (1926) ;0;1926
525;А. Ф. Кошко. Очерки уголовного мира царской России. 1 (1926) ;0;1926
526;П. С. Романов. Плохой номер (1926) ;0;1926
527;П. С. Романов. Человеческая душа (1926) ;2;1926
528;А. А. Фадеев. Разгром (1925-1926) ;2;1925
529;М. А. Алданов. Чертов мост (1925) ;1;1925
530;М. А. Булгаков. Собачье сердце (1925) ;0;1925
531;Максим Горький. Жизнь Клима Самгина. Часть 1 (1925) ;1;1925
532;Максим Горький. Жизнь Клима Самгина. Часть 1 (1925) ;0;1925
533;Максим Горький. Жизнь Клима Самгина. Часть 1 (1925) ;0;1925
534;Максим Горький. Жизнь Клима Самгина. Часть 1 (1925) ;0;1925
535;П. С. Романов. Комната (1925) ;2;1925
536;О. Д. Форш. Одеты камнем (1924-1925) ;0;1924
537;М. А. Булгаков. Белая гвардия (1923-1924) ;0;1923
538;Б. Губер. Шарашкина контора (1924) ;0;1924
539;Б. С. Житков. «Мария» и «Мэри» (1924) ;0;1924
540;В. А. Каверин. Конец хазы (1924) ;0;1924
541;Б. А. Лавренев. Ветер (1924) ;0;1924
542;Л. М. Леонов. Барсуки (1924) ;0;1924
543;А. С. Сорокин. Почему улетела птица (1924) ;0;1924
544;А. Н. Толстой. Похождения Невзорова, или Ибикус (1924) ;0;1924
545;А. Т. Аверченко. Шутка мецената (1923) ;0;1923
546;В. В. Вересаев. В тупике (1920-1923) ;0;1920
547;Б. А. Садовской. Карл Вебер (1923) ;2;1923
548;А. А. Фадеев. Разлив (1923) ;0;1923
549;А. П. Чапыгин. На лебяжьих озерах (1923) ;0;1923
550;В. Я. Шишков. Ватага (1923) ;0;1923
551;Андрей Белый. Африканский дневник (1922) ;3;1922
552;П. С. Романов. Русь (1922) ;0;1922
553;П. С. Романов. Русь (1922) ;2;1922
554;А. Н. Толстой. Детство Никиты (1919-1922) ;3;1919
555;А. Н. Толстой. Детство Никиты (1919-1922) ;3;1919
556;А. Н. Толстой. Хождение по мукам/ Книга первая. Сестры (1922) ;0;1922
557;А. Н. Толстой. Хождение по мукам/ Книга первая. Сестры (1922) ;3;1922
558;В. А. Каверин. Пятый странник (1921) ;0;1921
559;Е. И. Замятин. Мы (1920) ;3;1920
560;А. Н. Толстой. Четыре века (1920) ;0;1920
561;Л. Н. Андреев. Дневник сатаны (1919) ;0;1919
562;И. А. Новиков. Гарахвена (1917-1919) ;0;1917
563;Б. В. Савинков (В. Ропшин). То, чего не было (1918) ;0;1918
564;Б. В. Савинков (В. Ропшин). То, чего не было (1918) ;0;1918
565;А. Н. Толстой. Обыкновенный человек (1917) ;0;1917
566;Максим Горький. В людях (1915-1916) ;0;1915
567;Максим Горький. В людях (1915-1916) ;0;1915
568;А. Н. Толстой. Любовь (1916) ;0;1916
569;А. Н. Толстой. Любовь (1916) ;0;1916
570;Германские эмиссары в Греции (1915.11.26) // газета «Раннее утро», 1915 ;0;1915
571;С. А. Есенин. Яр (1915) ;0;1915
572;Ф. Д. Крюков. Ратник // «Русские записки», 1915 ;0;1915
573;А. И. Куприн. Яма (1909-1915) ;0;1909
574;Е. И. Замятин. На куличках (1913) ;0;1913
575;Е. И. Замятин. На куличках (1913) ;0;1913
576;Е. И. Замятин. На куличках (1913) ;0;1913
577;Е. И. Замятин. На куличках (1913) ;0;1913
578;А. С. Серафимович. Скитания (1913) ;0;1913
579;М. П. Арцыбашев. Деревянный чурбан (1912) ;0;1912
580;М. П. Арцыбашев. Миллионы (1912) ;0;1912
581;М. П. Арцыбашев. Миллионы (1912) ;0;1912
582;М. П. Арцыбашев. Миллионы (1912) ;0;1912
583;М. П. Арцыбашев. Старая история (1912) ;0;1912
584;М. П. Арцыбашев. У последней черты (1910-1912) ;0;1910
585;М. П. Арцыбашев. У последней черты (1910-1912) ;0;1910
586;М. П. Арцыбашев. У последней черты (1910-1912) ;0;1910
587;И. Е. Вольнов. Повесть о днях моей жизни (1912) ;0;1912
588;А. Е. Зарин. Двоевластие (1912) ;0;1912
589;С. Н. Сергеев-Ценский. В грозу (1912) ;1;1912
590;С. Н. Сергеев-Ценский. В грозу (1912) ;0;1912
591;С. Н. Сергеев-Ценский. В грозу (1912) ;0;1912
592;А. В. Амфитеатров. Марья Лусьева за границей (1911) ;0;1911
593;Максим Горький. Жизнь Матвея Кожемякина (1910) ;0;1910
594;А. С. Серафимович. В номере (1910) ;3;1910
595;Н. А. Тэффи. Изящная светопись (1910) ;0;1910
596;Н. А. Тэффи. Изящная светопись (1910) ;3;1910
597;Андрей Белый. Серебряный голубь (1909) ;3;1909
598;Андрей Белый. Серебряный голубь (1909) ;0;1909
599;Максим Горький. Лето (1909) ;0;1909
600;А. Е. Зарин. Четвертый. История одного сыска (1909) ;0;1909
601;Б. А. Садовской. Петербургская ворожея (1909) ;0;1909
602;Максим Горький. Жизнь ненужного человека (1908) ;0;1908
603;Максим Горький. Жизнь ненужного человека (1908) ;0;1908
604;Максим Горький. Жизнь ненужного человека (1908) ;0;1908
605;Максим Горький. Солдаты (1906-1908) ;0;1906
606;А. М. Ремизов. Верность (1907) ;0;1907
607;С. Н. Сергеев-Ценский. Бабаев (1906-1907) ;0;1906
608;С. Н. Сергеев-Ценский. Бабаев (1906-1907) ;3;1906
609;С. Н. Сергеев-Ценский. Бабаев (1906-1907) ;0;1906
610;Максим Горький. Мать (1906) ;1;1906
611;Максим Горький. Мать (1906) ;2;1906
612;Максим Горький. Мать (1906) ;0;1906
613;Максим Горький. Мать (1906) ;1;1906
614;Максим Горький. Мать (1906) ;0;1906
615;Максим Горький. Мать (1906) ;1;1906
616;Д. С. Мережковский. Петр и Алексей (1905) ;0;1905
617;В. О. Ключевский. Русская история. Полный курс лекций. Лекции 41-53 (1904) ;0;1904
618;В. В. Вересаев. Два конца (1899-1903) ;0;1899
619;В. В. Вересаев. Два конца (1899-1903) ;0;1899
620;В. М. Дорошевич. Сахалин (Каторга) (1903) ;0;1903
621;В. М. Дорошевич. Сахалин (Каторга) (1903) ;0;1903
622;В. М. Дорошевич. Сахалин (Каторга) (1903) ;0;1903
623;В. М. Дорошевич. Сахалин (Каторга) (1903) ;0;1903
624;К. М. Станюкович. Блестящее назначение (1890-1903) ;0;1890
625;Л. А. Чарская. Княжна Джаваха (1903) ;0;1903
626;М. П. Арцыбашев. Санин (1902) ;0;1902
627;Андрей Белый. Симфония (1901) ;0;1901
628;В. В. Вересаев. На повороте (1901) ;0;1901
629;Максим Горький. Злодеи (1901) ;0;1901
630;Максим Горький. Трое (1901) ;1;1901
631;Максим Горький. Трое (1901) ;0;1901
632;Максим Горький. Трое (1901) ;0;1901
633;Максим Горький. Трое (1901) ;0;1901
634;Максим Горький. Трое (1901) ;0;1901
635;Максим Горький. Трое (1901) ;0;1901
636;В. Г. Авсеенко. Петербургские очерки (1900) ;0;1900
637;А. В. Амфитеатров. Брат и сестра (из сборника «Бабы и дамы») (1890-1900) ;0;1890
638;Л. Н. Андреев. У окна (1899) ;3;1899
639;Максим Горький. Двадцать шесть и одна (1899) ;1;1899
640;Максим Горький. Мужик (1899) ;0;1899
641;А. В. Амфитеатров. Питерские контрабандистки (из сборника «Бабы и дамы») (1898) ;0;1898
642;Л. Н. Толстой. Хаджи-Мурат (1896) ;2;1896
643;А. П. Чехов. Моя жизнь (1896) ;2;1896
644;А. В. Амфитеатров. Княжна (1889-1895) ;0;1889
645;А. В. Амфитеатров. Княжна (1889-1895) ;0;1889
646;В. Г. Короленко. Без языка (1895) ;2;1895
647;А. В. Амфитеатров. Елена Окрутова (из сборника «Бабы и дамы») (1894) ;0;1894
648;М. Ф. Каменская. Воспоминания (1894) ;0;1894
649;Д. Н. Мамин-Сибиряк. Охонины брови (1892) ;0;1892
650;Н. Д. Телешов. На тройках (1892) ;0;1892
651;Н. Д. Телешов. На тройках (1892) ;0;1892
652;Д. Н. Мамин-Сибиряк. Верный раб (1891) ;1;1891
653;А. П. Чехов. Воры (1890) ;0;1890
654;Н. Н. Златовратский. Деревенский король Лир (1889) ;0;1889
655;Н. Н. Златовратский. Деревенский король Лир (1889) ;1;1889
656;И. Д. Путилин. 40 лет среди грабителей и убийц (1889) ;0;1889
657;И. Д. Путилин. 40 лет среди грабителей и убийц (1889) ;2;1889
658;А. И. Эртель. Гарденины, их дворня, приверженцы и враги (1889) ;0;1889
659;А. И. Эртель. Гарденины, их дворня, приверженцы и враги (1889) ;2;1889
660;А. И. Эртель. Гарденины, их дворня, приверженцы и враги (1889) ;2;1889
661;В. П. Авенариус. Юношеские годы Пушкина (1888) ;0;1888
662;В. П. Авенариус. Юношеские годы Пушкина (1888) ;0;1888
663;А. П. Чехов. Степь (1888) ;0;1888
664;А. П. Чехов. Степь (1888) ;3;1888
665;В. П. Авенариус. Пущин в селе Михайловском (1887) ;0;1887
666;П. П. Вяземский. Письма и записки Оммер де Гелль (1887) ;0;1887
667;П. П. Вяземский. Письма и записки Оммер де Гелль (1887) ;0;1887
668;В. П. Авенариус. Отроческие годы Пушкина (1886) ;0;1886
669;В. Х. Кандинский. О псевдогаллюцинациях (1886) ;1;1886
670;Вас. И. Немирович-Данченко. Цари биржи (Каиново племя в наши дни) (1886) ;0;1886
671;Вас. И. Немирович-Данченко. Цари биржи (Каиново племя в наши дни) (1886) ;0;1886
672;М. Е. Салтыков-Щедрин. Сказки / Коняга (1869-1886) ;0;1869
673;А. П. Чехов. Жених и папенька (1885-1886) ;0;1885
674;А. П. Чехов. Водевиль (1884-1885) ;0;1884
675;Д. В. Григорович. Недолгое счастье (1884) ;1;1884
676;Д. В. Григорович. Недолгое счастье (1884) ;0;1884
677;А. П. Чехов. Драма на охоте (1884) ;0;1884
678;Г. П. Данилевский. Княжна Тараканова (1883) ;0;1883
679;М. Е. Салтыков-Щедрин. Современная идиллия (1877-1883) ;0;1877
680;А. П. Чехов. Дочь Альбиона (1883) ;0;1883
681;А. И. Эртель. Записки Степняка (1883) ;2;1883
682;А. И. Эртель. Записки Степняка (1883) ;0;1883
683;П. Д. Боборыкин. Китай-город (1882) ;0;1882
684;П. Д. Боборыкин. Китай-город (1882) ;0;1882
685;П. Д. Боборыкин. Китай-город (1882) ;0;1882
686;Г. И. Успенский. Власть земли (1882) ;0;1882
687;А. О. Осипович (Новодворский). Мечтатели (1881) ;2;1881
688;П. И. Мельников-Печерский. На горах. Книга первая (1875-1881) ;1;1875
689;П. И. Мельников-Печерский. На горах. Книга первая (1875-1881) ;0;1875
690;А. Н. Островский, Н. Я. Соловьев. Светит, да не греет (1881) ;0;1881
691;Д. Д. Благово. Рассказы бабушки из воспоминаний пяти поколений, записанные и собранные ее внуком Д. Благово (1877-1880) ;0;1877
692;Ф. М. Достоевский. Братья Карамазовы (1880) ;2;1880
693;Ф. М. Достоевский. Братья Карамазовы (1880) ;1;1880
694;Ф. М. Достоевский. Братья Карамазовы (1880) ;0;1880
695;А. Ф. Писемский. Масоны (1880) ;0;1880
696;А. Ф. Писемский. Масоны (1880) ;0;1880
697;Е. А. Салиас. На Москве (1880) ;2;1880
698;М. Е. Салтыков-Щедрин. Убежище Монрепо (1878-1879) ;0;1878
699;Н. К. Михайловский. Десница и шуйца Льва Толстого (1878) ;0;1878
700;И. С. Тургенев. Новь (1877) ;0;1877
701;И. С. Тургенев. Новь (1877) ;2;1877
702;М. Е. Салтыков-Щедрин. Благонамеренные речи (1872-1876) ;1;1872
703;М. Е. Салтыков-Щедрин. Культурные люди (1875-1876) ;0;1875
704;Г. И. Успенский. Из памятной книжки (1876) ;0;1876
705;Ф. М. Достоевский. Подросток (1875) ;0;1875
706;Ф. М. Достоевский. Подросток (1875) ;0;1875
707;А. Н. Островский. Волки и овцы (1875) ;0;1875
708;П. И. Мельников-Печерский. В лесах. Книга вторая (1871-1874) ;0;1871
709;П. И. Мельников-Печерский. В лесах. Книга вторая (1871-1874) ;0;1871
710;П. И. Мельников-Печерский. В лесах. Книга вторая (1871-1874) ;0;1871
711;П. И. Мельников-Печерский. В лесах. Книга вторая (1871-1874) ;0;1871
712;П. И. Мельников-Печерский. В лесах. Книга первая (1871-1874) ;2;1871
713;П. И. Огородников. Очерки Персии (1874) ;0;1874
714;К. С. Сербинович. Воспоминания о Николае Михайловиче Карамзине (Черновые заметки) (1874) ;2;1874
715;И. С. Тургенев. Стучит! (1874) ;0;1874
716;М. А. Бакунин. Государственность и анархия (1873) ;0;1873
717;А. Н. Энгельгардт. Письма из деревни (1872-1887 гг.). Письмо четвертое (1873) ;0;1873
718;Н. Д. Ахшарумов. Концы в воду (1872) ;0;1872
719;Ф. М. Достоевский. Бесы (1871-1872) ;0;1871
720;Ф. М. Достоевский. Бесы (1871-1872) ;2;1871
721;М. Е. Салтыков-Щедрин. Дневник провинциала в Петербурге (1872) ;0;1872
722;М. Е. Салтыков-Щедрин. Дневник провинциала в Петербурге (1872) ;0;1872
723;А. Н. Островский. Лес (1871) ;0;1871
724;А. Ф. Писемский. В водовороте (1871) ;0;1871
725;А. Ф. Писемский. В водовороте (1871) ;0;1871
726;М. Е. Салтыков-Щедрин. История одного города (1869-1870) ;0;1869
727;Г. И. Успенский. Тише воды, ниже травы / Из цикла «Разоренье» (1870) ;0;1870
728;И. А. Гончаров. Обрыв (1869) ;0;1869
729;И. А. Гончаров. Обрыв (1869) ;0;1869
730;И. А. Гончаров. Обрыв (1869) ;0;1869
731;И. А. Гончаров. Обрыв (1869) ;0;1869
732;Ф. М. Достоевский. Идиот (1869) ;0;1869
733;Ф. М. Достоевский. Идиот (1869) ;1;1869
734;Ф. М. Достоевский. Идиот (1869) ;0;1869
735;В. В. Крестовский. Панургово стадо (Ч. 1-2) (1869) ;2;1869
736;В. В. Крестовский. Панургово стадо (Ч. 1-2) (1869) ;0;1869
737;В. В. Крестовский. Панургово стадо (Ч. 1-2) (1869) ;0;1869
738;В. В. Крестовский. Панургово стадо (Ч. 1-2) (1869) ;0;1869
739;А. Ф. Писемский. Люди сороковых годов (1869) ;2;1869
740;А. Ф. Писемский. Люди сороковых годов (1869) ;0;1869
741;Л. Н. Толстой. Война и мир. Том первый (1867-1869) ;0;1867
742;Ф. М. Решетников. Тетушка Опарина (1868) ;0;1868
743;Г. И. Успенский. Мелочи (1868) ;1;1868
744;В. В. Крестовский. Петербургские трущобы. Книга о сытых и голодных. Ч. 5 (1867) ;0;1867
745;В. В. Крестовский. Петербургские трущобы. Книга о сытых и голодных. Ч. 5 (1867) ;2;1867
746;В. В. Крестовский. Петербургские трущобы. Книга о сытых и голодных. Ч. 6 (1867) ;0;1867
747;В. В. Крестовский. Петербургские трущобы. Книга о сытых и голодных. Ч. 6 (1867) ;0;1867
748;В. В. Крестовский. Петербургские трущобы. Книга о сытых и голодных. Ч. 6 (1867) ;0;1867
749;Ф. М. Достоевский. Преступление и наказание (1866) ;0;1866
750;М. Е. Салтыков-Щедрин. Тихое пристанище (1857-1865) ;2;1857
751;В. В. Крестовский. Петербургские трущобы. Книга о сытых и голодных. Ч. 4 (1864) ;2;1864
752;В. В. Крестовский. Петербургские трущобы. Книга о сытых и голодных. Ч. 4 (1864) ;2;1864
753;В. В. Крестовский. Петербургские трущобы. Книга о сытых и голодных. Ч. 4 (1864) ;0;1864
754;В. В. Крестовский. Петербургские трущобы. Книга о сытых и голодных. Ч. 4 (1864) ;2;1864
755;В. В. Крестовский. Петербургские трущобы. Книга о сытых и голодных. Ч. 4 (1864) ;0;1864
756;В. В. Крестовский. Петербургские трущобы. Книга о сытых и голодных. Ч. 4 (1864) ;0;1864
757;В. В. Крестовский. Петербургские трущобы. Книга о сытых и голодных. Части 1-3 (1864) ;0;1864
758;В. В. Крестовский. Петербургские трущобы. Книга о сытых и голодных. Части 1-3 (1864) ;0;1864
759;И. И. Лажечников. Несколько заметок и воспоминаний по поводу статьи «Материалы для биографии А. П. Ермолова» (1864) ;0;1864
760;Ф. М. Решетников. Между людьми (1864) ;2;1864
761;Ф. М. Решетников. Между людьми (1864) ;0;1864
762;Ф. М. Решетников. Подлиповцы (1864) ;0;1864
763;Г. П. Данилевский. Воля (1863) ;0;1863
764;Г. П. Данилевский. Воля (1863) ;0;1863
765;Ф. М. Достоевский. Зимние заметки о летних впечатлениях (1863) ;0;1863
766;М. Е. Салтыков-Щедрин. Невинные рассказы / Запутанное дело (1848-1863) ;0;1848
767;А. К. Толстой. Князь Серебряный (1861-1863) ;0;1861
768;Л. Н. Толстой. Казаки (1863) ;0;1863
769;Г. П. Данилевский. Беглые в Новороссии (1862) ;0;1862
770;Ф. М. Достоевский. Записки из Мертвого дома (1862) ;0;1862
771;Ф. М. Достоевский. Записки из Мертвого дома (1862) ;0;1862
772;А. И. Левитов. Погибшее, но милое создание (1862) ;1;1862
773;Н. Г. Помяловский. Очерки бурсы (1862) ;0;1862
774;Н. Г. Помяловский. Очерки бурсы (1862) ;0;1862
775;М. Ф. Каменская. Знакомые. Воспоминания былого (1861) ;1;1861
776;А. Ф. Писемский. Старческий грех (1861) ;0;1861
777;А. В. Сухово-Кобылин. Дело (1861) ;2;1861
778;И. С. Тургенев. Первая любовь (1860) ;0;1860
779;И. А. Гончаров. Обломов (1859) ;0;1859
780;И. А. Гончаров. Обломов (1859) ;0;1859
781;И. А. Гончаров. Обломов (1859) ;0;1859
782;И. А. Гончаров. Обломов (1859) ;2;1859
783;И. А. Гончаров. Обломов (1859) ;0;1859
784;И. А. Гончаров. Обломов (1859) ;2;1859
785;Н. А. Добролюбов. Темное царство (1859) ;0;1859
786;Н. А. Добролюбов. Что такое обломовщина? (1859) ;2;1859
787;Л. П. Стороженко. Воспоминание (1859) ;0;1859
788;Н. В. Успенский. Ночь под светлый день (1859) ;2;1859
789;А. Ф. Писемский. Тысяча душ (1858) ;0;1858
790;А. Ф. Писемский. Тысяча душ (1858) ;0;1858
791;А. Ф. Писемский. Тысяча душ (1858) ;0;1858
792;Т. Г. Шевченко. Прогулка с удовольствием и не без морали (1855-1858) ;0;1855
793;В. И. Даль. Хлебное дельце (1857) ;0;1857
794;П. А. Кулиш. Черная рада (1846-1857) ;0;1846
795;И. И. Панаев. Опыт о хлыщах (1854-1857) ;0;1854
796;М. Е. Салтыков-Щедрин. Губернские очерки (1856-1857) ;0;1856
797;М. Е. Салтыков-Щедрин. Губернские очерки (1856-1857) ;0;1856
798;М. Е. Салтыков-Щедрин. Губернские очерки (1856-1857) ;2;1856
799;С. Т. Аксаков. Семейная хроника (1856) ;2;1856
800;Д. В. Григорович. Переселенцы (1855-1856) ;0;1855
801;Д. В. Григорович. Переселенцы (1855-1856) ;2;1855
802;Д. В. Григорович. Переселенцы (1855-1856) ;0;1855
803;Д. В. Григорович. Переселенцы (1855-1856) ;0;1855
804;И. И. Лажечников. Беленькие, черненькие и серенькие (1856) ;0;1856
805;И. А. Гончаров. Фрегат «Паллада» (1855) ;0;1855
806;Т. Г. Шевченко. Близнецы (1855) ;2;1855
807;Е. П. Ростопчина. Палаццо Форли (1854) ;2;1854
808;А. Ф. Писемский. Леший (1853) ;0;1853
809;К. А. Скачков. Мой дневник (1853) ;0;1853
810;В. А. Вонлярлярский. Большая барыня (1852) ;0;1852
811;А. Ф. Писемский. Сергей Петрович Хозаров и Мари Ступицына (1851) ;0;1851
812;И. С. Тургенев. Где тонко, там и рвется (1851) ;2;1851
813;Ф. М. Достоевский. Неточка Незванова (1849) ;0;1849
814;И. Т. Кокорев. Самовар (1849) ;0;1849
815;А. Н. Островский. Свои люди ? сочтемся (1849) ;0;1849
816;А. Ф. Вельтман. Приключения, почерпнутые из моря житейского. Саломея (1848) ;2;1848
817;А. Ф. Вельтман. Приключения, почерпнутые из моря житейского. Саломея (1848) ;0;1848
818;Ф. М. Достоевский. Cлабое сердце (1848) ;0;1848
819;И. А. Гончаров. Обыкновенная история (1847) ;0;1847
820;И. А. Гончаров. Обыкновенная история (1847) ;0;1847
821;И. А. Гончаров. Обыкновенная история (1847) ;0;1847
822;А. А. Григорьев. Один из многих (1846) ;0;1846
823;Ф. М. Достоевский. Двойник (1846) ;0;1846
824;Ф. М. Достоевский. Двойник (1846) ;0;1846
825;Ф. М. Достоевский. Двойник (1846) ;0;1846
826;Ф. М. Достоевский. Двойник (1846) ;0;1846
827;Ф. М. Достоевский. Двойник (1846) ;0;1846
828;Н. И. Андреев. Воспоминания офицера 50-го егерского полка (1844) // «Русский архив», 1879 ;0;1844
829;Н. И. Андреев. Из воспоминаний (1844) ;0;1844
830;И. Н. Скобелев. Рассказы русского инвалида (1838-1844) ;0;1838
831;И. Н. Скобелев. Рассказы русского инвалида (1838-1844) ;0;1838
832;А. Ф. Вельтман. Райна, королева болгарская (1843) ;0;1843
833;Н. А. Полевой. Пир Святослава Игоревича, князя киевского (1843) ;0;1843
834;Н. А. Полевой. Пир Святослава Игоревича, князя киевского (1843) ;1;1843
835;Н. В. Гоголь. Мертвые души (1842) ;0;1842
836;Н. В. Гоголь. Мертвые души (1842) ;0;1842
837;Н. В. Гоголь. Повесть о том, как поссорился Иван Иванович с Иваном Никифоровичем (1835-1841) ;0;1835
838;Н. В. Гоголь. Повесть о том, как поссорился Иван Иванович с Иваном Никифоровичем (1835-1841) ;0;1835
839;А. Ф. Вельтман. Радой (1839) ;2;1839
840;Г. Ф. Квитка-Основьяненко. Пан Халявский (1839) ;0;1839
841;Г. Ф. Квитка-Основьяненко. Пан Халявский (1839) ;0;1839
842;И. И. Лажечников. Басурман (1838) ;2;1838
843;А. Ф. Вельтман. Светославич, вражий питомец Диво времен Красного Солнца Владимира (1837) ;0;1837
844;А. А. Бестужев-Марлинский. Мулла-Нур (1836) ;0;1836
845;А. А. Бестужев-Марлинский. Мулла-Нур (1836) ;2;1836
846;Н. В. Гоголь. Ревизор (1836) ;0;1836
847;А. С. Пушкин. Капитанская дочка (1836) ;0;1836
848;А. С. Пушкин. Капитанская дочка (1836) ;1;1836
849;А. С. Пушкин. Капитанская дочка (1836) ;0;1836
850;И. И. Лажечников. Ледяной дом (1835) ;0;1835
851;И. И. Лажечников. Ледяной дом (1835) ;0;1835
852;И. И. Лажечников. Ледяной дом (1835) ;0;1835
853;О. И. Сенковский. Записки домового (1835) ;0;1835
854;О. И. Сенковский. Записки домового (1835) ;0;1835
855;О. И. Сенковский. Записки домового (1835) ;2;1835
856;М. Ю. Лермонтов. Вадим (1833-1834) ;2;1833
857;К. П. Масальский. Регентство Бирона (1834) ;0;1834
858;А. А. Бестужев-Марлинский. Фрегат «Надежда» (1833) ;0;1833
859;И. И. Лажечников. Последний Новик (1833) ;0;1833
860;И. И. Лажечников. Последний Новик (1833) ;0;1833
861;Н. В. Гоголь. Сорочинская ярмарка (1831-1832) ;0;1831
862;Ф. В. Булгарин. Димитрий Самозванец (1830) ;0;1830
863;М. Н. Загоскин. Рославлев, или Русские в 1812 году (1830) ;2;1830
864;М. Н. Загоскин. Рославлев, или Русские в 1812 году (1830) ;1;1830
865;М. Н. Загоскин. Рославлев, или Русские в 1812 году (1830) ;0;1830
866;Ф. В. Булгарин. Иван Иванович Выжигин (1829) ;2;1829
867;Ф. В. Булгарин. Иван Иванович Выжигин (1829) ;0;1829
868;М. Н. Загоскин. Юрий Милославский, или русские в 1612 году (1829) ;1;1829
869;М. Н. Загоскин. Юрий Милославский, или русские в 1612 году (1829) ;0;1829
870;М. Н. Загоскин. Юрий Милославский, или русские в 1612 году (1829) ;0;1829
871;М. Н. Загоскин. Юрий Милославский, или русские в 1612 году (1829) ;2;1829
872;В. Т. Нарежный. Два Ивана, или Страсть к тяжбам (1825) ;0;1825
873;И. М. Долгоруков. Повесть о рождении моем, происхождении и всей моей жизни, писанная мной самим и начатая в Москве, 1788-го года в августе месяце, на 25-ом году моей жизни / Часть 3 (1788-1822) ;0;1788
874;А. С. Шишков. Записки (1780-1814) ;0;1780
875;С. П. Жихарев. Записки современника (1806-1809) ;0;1806
876;М. Д. Чулков. Пригожая повариха, или Похождение развратной женщины (1770) ;0;1770
877;Стефан Савицкий (перевод книги Л. Хольберга). Подземное путешествїе представляющее Исторїю разнородныхъ съ удивительными и неслыханными свойствами животныхъ (1762) ;1;1762
