speaker,year,gender,lives,born,education,index,preposition,prep_type,st_form,case,form,consonant
ait1954,1954,female,Mikhalevskaya,Mikhalevskaya,high,197434,у,later,них,gen,pl,no
ait1954,1954,female,Mikhalevskaya,Mikhalevskaya,high,197446,у,later,него,gen,m,no
ait1954,1954,female,Mikhalevskaya,Mikhalevskaya,high,216169,у,later,него,gen,m,no
ait1954,1954,female,Mikhalevskaya,Mikhalevskaya,high,425772,у,later,него,gen,m,no
ait1954,1954,female,Mikhalevskaya,Mikhalevskaya,high,228784,с,initial,ними,ins,pl,no
ait1954,1954,female,Mikhalevskaya,Mikhalevskaya,high,230299,к,initial,ним,dat,pl,no
ait1954,1954,female,Mikhalevskaya,Mikhalevskaya,high,230310,у,later,них,gen,pl,no
ait1954,1954,female,Mikhalevskaya,Mikhalevskaya,high,425760,у,later,них,gen,pl,no
ait1954,1954,female,Mikhalevskaya,Mikhalevskaya,high,672850,у,later,него,gen,m,yes
ait1954,1954,female,Mikhalevskaya,Mikhalevskaya,high,673064,у,later,него,gen,m,yes
ait1954,1954,female,Mikhalevskaya,Mikhalevskaya,high,674813,от,later,нее,gen,f,yes
ait1954,1954,female,Mikhalevskaya,Mikhalevskaya,high,675269,у,later,нее,gen,f,yes
ait1954,1954,female,Mikhalevskaya,Mikhalevskaya,high,674255,на,later,них,loc,pl,no
ait1954,1954,female,Mikhalevskaya,Mikhalevskaya,high,675279,у,later,них,gen,pl,yes
ans1925,1925,female,Mikhalevskaya,Kadyevskaya,low,91170,на,later,ней,loc,f,no
ans1925,1925,female,Mikhalevskaya,Kadyevskaya,low,91338,у,later,них,gen,pl,yes
ans1925,1925,female,Mikhalevskaya,Kadyevskaya,low,89659,с,initial,ним,ins,m,no
ans1925,1925,female,Mikhalevskaya,Kadyevskaya,low,201715,на,later,нее,acc,f,no
ans1925,1925,female,Mikhalevskaya,Kadyevskaya,low,201759,на,later,ней,loc,f,no
ans1925,1925,female,Mikhalevskaya,Kadyevskaya,low,201878,у,later,него,gen,m,no
ans1925,1925,female,Mikhalevskaya,Kadyevskaya,low,201886,у,later,него,gen,m,no
ans1925,1925,female,Mikhalevskaya,Kadyevskaya,low,202210,к,initial,ним,dat,pl,no
ans1925,1925,female,Mikhalevskaya,Kadyevskaya,low,201272,к,initial,ним,dat,pl,no
ans1925,1925,female,Mikhalevskaya,Kadyevskaya,low,201330,у,later,них,gen,pl,no
ans1925,1925,female,Mikhalevskaya,Kadyevskaya,low,201434,у,later,нее,gen,f,no
ans1925,1925,female,Mikhalevskaya,Kadyevskaya,low,155949,у,later,него,gen,m,no
ans1925,1925,female,Mikhalevskaya,Kadyevskaya,low,58638,у,later,нее,gen,f,no
ans1925,1925,female,Mikhalevskaya,Kadyevskaya,low,1352,у,later,него,gen,m,no
ans1925,1925,female,Mikhalevskaya,Kadyevskaya,low,1559,у,later,него,gen,m,no
ans1925,1925,female,Mikhalevskaya,Kadyevskaya,low,1586,у,later,него,gen,m,no
ans1925,1925,female,Mikhalevskaya,Kadyevskaya,low,73377,на,later,него,acc,m,no
ans1925,1925,female,Mikhalevskaya,Kadyevskaya,low,68621,у,later,нее,gen,f,no
ans1925,1925,female,Mikhalevskaya,Kadyevskaya,low,73847,у,later,них,gen,pl,no
ans1925,1925,female,Mikhalevskaya,Kadyevskaya,low,74044,у,later,них,gen,pl,no
ans1925,1925,female,Mikhalevskaya,Kadyevskaya,low,74130,у,later,них,gen,pl,no
ans1925,1925,female,Mikhalevskaya,Kadyevskaya,low,74191,у,later,них,gen,pl,no
ans1925,1925,female,Mikhalevskaya,Kadyevskaya,low,259582,у,later,него,gen,m,no
ans1925,1925,female,Mikhalevskaya,Kadyevskaya,low,264173,на,later,ней,loc,f,yes
ans1925,1925,female,Mikhalevskaya,Kadyevskaya,low,259320,с,initial,ними,ins,pl,no
ans1925,1925,female,Mikhalevskaya,Kadyevskaya,low,259428,с,initial,ними,ins,pl,no
avm1922,1922,female,Mikhalevskaya,Mikhalevskaya,low-mid,49975,у,later,него,gen,m,no
avm1922,1922,female,Mikhalevskaya,Mikhalevskaya,low-mid,50452,у,later,ней,gen,f,no
avm1922,1922,female,Mikhalevskaya,Mikhalevskaya,low-mid,50455,у,later,ней,gen,f,no
avm1922,1922,female,Mikhalevskaya,Mikhalevskaya,low-mid,50843,с,initial,ним,ins,m,no
avm1922,1922,female,Mikhalevskaya,Mikhalevskaya,low-mid,50926,у,later,них,gen,pl,no
avm1922,1922,female,Mikhalevskaya,Mikhalevskaya,low-mid,51006,к,initial,нему,dat,m,no
avm1922,1922,female,Mikhalevskaya,Mikhalevskaya,low-mid,51010,у,later,него,gen,m,no
avm1922,1922,female,Mikhalevskaya,Mikhalevskaya,low-mid,53120,у,later,них,gen,pl,no
avm1922,1922,female,Mikhalevskaya,Mikhalevskaya,low-mid,53129,у,later,них,gen,pl,no
avm1922,1922,female,Mikhalevskaya,Mikhalevskaya,low-mid,47739,у,later,них,gen,pl,no
avm1922,1922,female,Mikhalevskaya,Mikhalevskaya,low-mid,48004,про,later,них,gen,pl,no
avm1922,1922,female,Mikhalevskaya,Mikhalevskaya,low-mid,48235,у,later,него,gen,m,yes
avm1922,1922,female,Mikhalevskaya,Mikhalevskaya,low-mid,48550,с,initial,ним,ins,m,no
avm1922,1922,female,Mikhalevskaya,Mikhalevskaya,low-mid,62947,у,later,ней,gen,f,no
avm1922,1922,female,Mikhalevskaya,Mikhalevskaya,low-mid,66816,у,later,ней,gen,f,no
avm1922,1922,female,Mikhalevskaya,Mikhalevskaya,low-mid,63034,у,later,них,gen,pl,no
avm1922,1922,female,Mikhalevskaya,Mikhalevskaya,low-mid,67584,у,later,ней,gen,f,no
avm1922,1922,female,Mikhalevskaya,Mikhalevskaya,low-mid,67617,у,later,него,gen,m,no
avm1922,1922,female,Mikhalevskaya,Mikhalevskaya,low-mid,67863,у,later,них,gen,pl,no
avm1922,1922,female,Mikhalevskaya,Mikhalevskaya,low-mid,68176,у,later,них,gen,pl,no
avm1922,1922,female,Mikhalevskaya,Mikhalevskaya,low-mid,68279,у,later,них,gen,pl,no
avm1922,1922,female,Mikhalevskaya,Mikhalevskaya,low-mid,68303,у,later,них,gen,pl,no
avm1922,1922,female,Mikhalevskaya,Mikhalevskaya,low-mid,68346,у,later,них,gen,pl,no
avm1922,1922,female,Mikhalevskaya,Mikhalevskaya,low-mid,68576,с,initial,ним,ins,m,no
avm1922,1922,female,Mikhalevskaya,Mikhalevskaya,low-mid,68651,у,later,него,gen,m,no
avm1922,1922,female,Mikhalevskaya,Mikhalevskaya,low-mid,69627,у,later,них,gen,pl,no
avm1922,1922,female,Mikhalevskaya,Mikhalevskaya,low-mid,70096,у,later,них,gen,pl,no
avm1922,1922,female,Mikhalevskaya,Mikhalevskaya,low-mid,63445,с,initial,ним,ins,m,yes
avm1922,1922,female,Mikhalevskaya,Mikhalevskaya,low-mid,71793,у,later,ней,gen,f,no
avm1922,1922,female,Mikhalevskaya,Mikhalevskaya,low-mid,63657,у,later,ней,gen,f,yes
avm1922,1922,female,Mikhalevskaya,Mikhalevskaya,low-mid,63835,у,later,них,gen,pl,no
avm1922,1922,female,Mikhalevskaya,Mikhalevskaya,low-mid,64091,у,later,него,gen,m,no
avm1922,1922,female,Mikhalevskaya,Mikhalevskaya,low-mid,64162,у,later,ней,gen,f,no
avm1922,1922,female,Mikhalevskaya,Mikhalevskaya,low-mid,64194,у,later,них,gen,pl,yes
avm1922,1922,female,Mikhalevskaya,Mikhalevskaya,low-mid,65016,у,later,ней,gen,f,yes
avm1922,1922,female,Mikhalevskaya,Mikhalevskaya,low-mid,186482,у,later,него,gen,m,no
avm1922,1922,female,Mikhalevskaya,Mikhalevskaya,low-mid,186510,у,later,него,gen,m,no
avm1922,1922,female,Mikhalevskaya,Mikhalevskaya,low-mid,186584,у,later,них,gen,pl,no
avm1922,1922,female,Mikhalevskaya,Mikhalevskaya,low-mid,185154,к,initial,нему,dat,m,no
avm1922,1922,female,Mikhalevskaya,Mikhalevskaya,low-mid,185183,в,initial,ней,loc,f,no
avm1922,1922,female,Mikhalevskaya,Mikhalevskaya,low-mid,185272,про,later,него,gen,m,no
avm1922,1922,female,Mikhalevskaya,Mikhalevskaya,low-mid,185606,у,later,него,gen,m,no
avm1922,1922,female,Mikhalevskaya,Mikhalevskaya,low-mid,185623,у,later,него,gen,m,no
avm1922,1922,female,Mikhalevskaya,Mikhalevskaya,low-mid,186026,у,later,него,gen,m,no
avm1922,1922,female,Mikhalevskaya,Mikhalevskaya,low-mid,27272,у,later,нее,gen,f,no
avm1922,1922,female,Mikhalevskaya,Mikhalevskaya,low-mid,23831,по,later,ней,dat,f,yes
avm1922,1922,female,Mikhalevskaya,Mikhalevskaya,low-mid,28721,у,later,ней,gen,f,no
avm1922,1922,female,Mikhalevskaya,Mikhalevskaya,low-mid,23581,у,later,ней,gen,f,no
avm1922,1922,female,Mikhalevskaya,Mikhalevskaya,low-mid,26683,у,later,ней,gen,f,no
avm1922,1922,female,Mikhalevskaya,Mikhalevskaya,low-mid,58186,от,later,них,gen,pl,no
avm1922,1922,female,Mikhalevskaya,Mikhalevskaya,low-mid,58322,у,later,него,gen,m,no
avm1922,1922,female,Mikhalevskaya,Mikhalevskaya,low-mid,58483,с,initial,ним,ins,m,no
avm1922,1922,female,Mikhalevskaya,Mikhalevskaya,low-mid,55252,у,later,них,gen,pl,no
avm1922,1922,female,Mikhalevskaya,Mikhalevskaya,low-mid,56340,у,later,нее,gen,f,no
avm1922,1922,female,Mikhalevskaya,Mikhalevskaya,low-mid,56410,у,later,нее,gen,f,no
avm1922,1922,female,Mikhalevskaya,Mikhalevskaya,low-mid,56449,у,later,нее,gen,f,no
avm1922,1922,female,Mikhalevskaya,Mikhalevskaya,low-mid,57310,у,later,них,gen,pl,no
avm1922,1922,female,Mikhalevskaya,Mikhalevskaya,low-mid,57377,у,later,нее,gen,f,no
avm1922,1922,female,Mikhalevskaya,Mikhalevskaya,low-mid,57407,у,later,них,gen,pl,no
avm1922,1922,female,Mikhalevskaya,Mikhalevskaya,low-mid,58081,у,later,нее,gen,f,yes
avt1928,1928,female,Plosskoe,Minia,high-mid,239240,к,initial,нему,dat,m,no
egp1928,1928,female,Mikhalevskaya,Fomin Pochinok,low-mid,114367,с,initial,ней,ins,f,no
egp1928,1928,female,Mikhalevskaya,Fomin Pochinok,low-mid,116282,у,later,них,gen,pl,no
egp1928,1928,female,Mikhalevskaya,Fomin Pochinok,low-mid,120817,у,later,него,gen,m,no
egp1928,1928,female,Mikhalevskaya,Fomin Pochinok,low-mid,121022,с,initial,них,gen,pl,no
egp1928,1928,female,Mikhalevskaya,Fomin Pochinok,low-mid,121033,с,initial,них,gen,pl,no
egp1928,1928,female,Mikhalevskaya,Fomin Pochinok,low-mid,121205,у,later,ней,gen,f,no
egp1928,1928,female,Mikhalevskaya,Fomin Pochinok,low-mid,121268,у,later,него,gen,m,no
egp1928,1928,female,Mikhalevskaya,Fomin Pochinok,low-mid,84988,из,later,него,gen,m,no
egp1928,1928,female,Mikhalevskaya,Fomin Pochinok,low-mid,85521,у,later,них,gen,pl,no
egp1928,1928,female,Mikhalevskaya,Fomin Pochinok,low-mid,85527,у,later,них,gen,pl,no
egp1928,1928,female,Mikhalevskaya,Fomin Pochinok,low-mid,86187,с,initial,ней,ins,f,no
egp1928,1928,female,Mikhalevskaya,Fomin Pochinok,low-mid,82857,за,later,него,acc,m,no
egp1928,1928,female,Mikhalevskaya,Fomin Pochinok,low-mid,87641,у,later,него,gen,m,no
egp1928,1928,female,Mikhalevskaya,Fomin Pochinok,low-mid,83372,без,later,него,gen,m,no
egp1928,1928,female,Mikhalevskaya,Fomin Pochinok,low-mid,83376,без,later,него,gen,m,no
egp1928,1928,female,Mikhalevskaya,Fomin Pochinok,low-mid,84200,за,later,ней,ins,f,yes
egp1928,1928,female,Mikhalevskaya,Fomin Pochinok,low-mid,84465,у,later,ней,gen,f,no
egp1928,1928,female,Mikhalevskaya,Fomin Pochinok,low-mid,84460,у,later,них,gen,pl,no
egp1928,1928,female,Mikhalevskaya,Fomin Pochinok,low-mid,55003,с,initial,ним,ins,m,no
egp1928,1928,female,Mikhalevskaya,Fomin Pochinok,low-mid,55938,у,later,него,gen,m,no
egp1928,1928,female,Mikhalevskaya,Fomin Pochinok,low-mid,56904,под,later,ним,ins,m,no
egp1928,1928,female,Mikhalevskaya,Fomin Pochinok,low-mid,58996,за,later,него,acc,m,no
egp1928,1928,female,Mikhalevskaya,Fomin Pochinok,low-mid,60889,на,later,него,acc,m,no
egp1928,1928,female,Mikhalevskaya,Fomin Pochinok,low-mid,53734,у,later,нее,gen,f,yes
egp1928,1928,female,Mikhalevskaya,Fomin Pochinok,low-mid,54750,у,later,них,gen,pl,no
egp1928,1928,female,Mikhalevskaya,Fomin Pochinok,low-mid,54861,у,later,них,gen,pl,no
egp1928,1928,female,Mikhalevskaya,Fomin Pochinok,low-mid,56403,у,later,них,gen,pl,no
egp1928,1928,female,Mikhalevskaya,Fomin Pochinok,low-mid,56836,на,later,них,acc,pl,no
egp1928,1928,female,Mikhalevskaya,Fomin Pochinok,low-mid,60852,у,later,них,gen,pl,no
egp1928,1928,female,Mikhalevskaya,Fomin Pochinok,low-mid,61034,у,later,них,gen,pl,no
egp1928,1928,female,Mikhalevskaya,Fomin Pochinok,low-mid,62559,у,later,них,gen,pl,no
egp1928,1928,female,Mikhalevskaya,Fomin Pochinok,low-mid,118831,у,later,него,gen,m,no
egp1928,1928,female,Mikhalevskaya,Fomin Pochinok,low-mid,112969,у,later,нее,gen,f,no
egp1928,1928,female,Mikhalevskaya,Fomin Pochinok,low-mid,117914,к,initial,ней,dat,f,no
egp1928,1928,female,Mikhalevskaya,Fomin Pochinok,low-mid,119455,у,later,нее,gen,f,yes
egp1928,1928,female,Mikhalevskaya,Fomin Pochinok,low-mid,115231,у,later,них,gen,pl,no
egp1928,1928,female,Mikhalevskaya,Fomin Pochinok,low-mid,115650,у,later,них,gen,pl,no
egp1928,1928,female,Mikhalevskaya,Fomin Pochinok,low-mid,118595,у,later,них,gen,pl,no
egp1928,1928,female,Mikhalevskaya,Fomin Pochinok,low-mid,118755,к,initial,ним,dat,pl,no
ent1968,1968,female,Mikhalevskaya,Mikhalevskaya,high,347679,кроме,later,него,gen,m,yes
ent1968,1968,female,Mikhalevskaya,Mikhalevskaya,high,347750,у,later,него,gen,m,yes
ent1968,1968,female,Mikhalevskaya,Mikhalevskaya,high,348227,через,later,него,acc,m,yes
ent1968,1968,female,Mikhalevskaya,Mikhalevskaya,high,348310,у,later,него,gen,m,yes
ent1968,1968,female,Mikhalevskaya,Mikhalevskaya,high,348398,от,later,него,gen,m,yes
ent1968,1968,female,Mikhalevskaya,Mikhalevskaya,high,348404,к,initial,нему,dat,m,yes
ent1968,1968,female,Mikhalevskaya,Mikhalevskaya,high,348420,у,later,него,gen,m,yes
ent1968,1968,female,Mikhalevskaya,Mikhalevskaya,high,348494,у,later,него,gen,m,yes
ent1968,1968,female,Mikhalevskaya,Mikhalevskaya,high,348527,у,later,него,gen,m,yes
ent1968,1968,female,Mikhalevskaya,Mikhalevskaya,high,348530,у,later,него,gen,m,yes
ent1968,1968,female,Mikhalevskaya,Mikhalevskaya,high,348549,у,later,него,gen,m,yes
ent1968,1968,female,Mikhalevskaya,Mikhalevskaya,high,348555,у,later,него,gen,m,yes
ent1968,1968,female,Mikhalevskaya,Mikhalevskaya,high,348604,у,later,него,gen,m,yes
ent1968,1968,female,Mikhalevskaya,Mikhalevskaya,high,348651,у,later,него,gen,m,yes
ent1968,1968,female,Mikhalevskaya,Mikhalevskaya,high,348665,у,later,него,gen,m,yes
ent1968,1968,female,Mikhalevskaya,Mikhalevskaya,high,350068,с,initial,ним,ins,m,yes
ent1968,1968,female,Mikhalevskaya,Mikhalevskaya,high,350086,от,later,него,gen,m,yes
ent1968,1968,female,Mikhalevskaya,Mikhalevskaya,high,350101,с,initial,ним,ins,m,yes
ent1968,1968,female,Mikhalevskaya,Mikhalevskaya,high,344550,у,later,нее,gen,f,yes
ent1968,1968,female,Mikhalevskaya,Mikhalevskaya,high,345139,к,initial,ней,dat,f,yes
ent1968,1968,female,Mikhalevskaya,Mikhalevskaya,high,345918,у,later,нее,gen,f,yes
ent1968,1968,female,Mikhalevskaya,Mikhalevskaya,high,350764,с,initial,ней,ins,f,yes
ent1968,1968,female,Mikhalevskaya,Mikhalevskaya,high,345683,у,later,них,gen,pl,yes
ent1968,1968,female,Mikhalevskaya,Mikhalevskaya,high,346115,у,later,них,gen,pl,yes
ent1968,1968,female,Mikhalevskaya,Mikhalevskaya,high,347604,для,later,них,gen,pl,yes
ent1968,1968,female,Mikhalevskaya,Mikhalevskaya,high,347610,для,later,них,gen,pl,yes
ent1968,1968,female,Mikhalevskaya,Mikhalevskaya,high,347727,у,later,них,gen,pl,yes
ent1968,1968,female,Mikhalevskaya,Mikhalevskaya,high,347775,у,later,них,gen,pl,yes
ent1968,1968,female,Mikhalevskaya,Mikhalevskaya,high,347805,у,later,них,gen,pl,yes
ent1968,1968,female,Mikhalevskaya,Mikhalevskaya,high,348016,за,later,них,acc,pl,yes
ent1968,1968,female,Mikhalevskaya,Mikhalevskaya,high,348143,у,later,них,gen,pl,yes
ent1968,1968,female,Mikhalevskaya,Mikhalevskaya,high,348151,у,later,них,gen,pl,yes
ent1968,1968,female,Mikhalevskaya,Mikhalevskaya,high,348863,с,initial,них,gen,pl,yes
ent1968,1968,female,Mikhalevskaya,Mikhalevskaya,high,348931,у,later,них,gen,pl,yes
ent1968,1968,female,Mikhalevskaya,Mikhalevskaya,high,349552,у,later,них,gen,pl,yes
ent1968,1968,female,Mikhalevskaya,Mikhalevskaya,high,350870,у,later,них,gen,pl,yes
ent1968,1968,female,Mikhalevskaya,Mikhalevskaya,high,350878,у,later,них,gen,pl,yes
ffp1952,1952,male,Mikhalevskaya,Mikhalevskaya,high,306587,на,later,него,acc,m,yes
ffp1952,1952,male,Mikhalevskaya,Mikhalevskaya,high,303318,на,later,них,acc,pl,no
ffp1952,1952,male,Mikhalevskaya,Mikhalevskaya,high,619631,по,later,нему,dat,m,yes
ffp1952,1952,male,Mikhalevskaya,Mikhalevskaya,high,619706,с,initial,ним,ins,m,yes
ffp1952,1952,male,Mikhalevskaya,Mikhalevskaya,high,620701,у,later,него,gen,m,yes
ffp1952,1952,male,Mikhalevskaya,Mikhalevskaya,high,621511,у,later,него,gen,m,yes
ffp1952,1952,male,Mikhalevskaya,Mikhalevskaya,high,622121,из-за,later,него,gen,m,yes
ffp1952,1952,male,Mikhalevskaya,Mikhalevskaya,high,622168,от,later,него,gen,m,yes
ffp1952,1952,male,Mikhalevskaya,Mikhalevskaya,high,617269,за,later,ней,ins,f,yes
ffp1952,1952,male,Mikhalevskaya,Mikhalevskaya,high,618836,у,later,них,gen,pl,yes
ffp1952,1952,male,Mikhalevskaya,Mikhalevskaya,high,618839,у,later,них,gen,pl,yes
ffp1952,1952,male,Mikhalevskaya,Mikhalevskaya,high,619524,с,initial,ними,ins,pl,yes
ffp1952,1952,male,Mikhalevskaya,Mikhalevskaya,high,619598,с,initial,ними,ins,pl,yes
ffp1952,1952,male,Mikhalevskaya,Mikhalevskaya,high,621805,на,later,них,acc,pl,yes
gvp1949,1949,female,Mikhalevskaya,Mikhalevskaya,high,392081,до,later,него,gen,m,yes
gvp1949,1949,female,Mikhalevskaya,Mikhalevskaya,high,390412,у,later,них,gen,pl,yes
gvp1949,1949,female,Mikhalevskaya,Mikhalevskaya,high,302310,у,later,них,gen,pl,no
gvp1949,1949,female,Mikhalevskaya,Mikhalevskaya,high,304221,у,later,них,gen,pl,no
gvp1949,1949,female,Mikhalevskaya,Mikhalevskaya,high,304242,у,later,них,gen,pl,yes
gvp1949,1949,female,Mikhalevskaya,Mikhalevskaya,high,304752,у,later,них,gen,pl,yes
gvp1949,1949,female,Mikhalevskaya,Mikhalevskaya,high,306248,у,later,них,gen,pl,yes
iip1951,1951,male,Mikhalevskaya,Plosskoe,high-mid,109829,к,initial,нему,dat,m,no
iip1951,1951,male,Mikhalevskaya,Plosskoe,high-mid,110875,с,initial,ним,ins,m,yes
iip1951,1951,male,Mikhalevskaya,Plosskoe,high-mid,206144,на,later,нем,loc,m,no
iip1951,1951,male,Mikhalevskaya,Plosskoe,high-mid,211472,к,initial,нему,dat,m,no
iip1951,1951,male,Mikhalevskaya,Plosskoe,high-mid,215436,у,later,него,gen,m,no
iip1951,1951,male,Mikhalevskaya,Plosskoe,high-mid,215452,с,initial,ним,ins,m,no
iip1951,1951,male,Mikhalevskaya,Plosskoe,high-mid,212953,с,initial,ней,ins,f,no
iip1951,1951,male,Mikhalevskaya,Plosskoe,high-mid,212963,с,initial,ней,ins,f,no
iip1951,1951,male,Mikhalevskaya,Plosskoe,high-mid,213227,с,initial,ней,ins,f,no
iip1951,1951,male,Mikhalevskaya,Plosskoe,high-mid,213238,с,initial,ней,ins,f,no
iip1951,1951,male,Mikhalevskaya,Plosskoe,high-mid,112436,от,later,них,gen,pl,no
iip1951,1951,male,Mikhalevskaya,Plosskoe,high-mid,210232,у,later,них,gen,pl,no
iip1951,1951,male,Mikhalevskaya,Plosskoe,high-mid,210396,у,later,них,gen,pl,yes
iip1951,1951,male,Mikhalevskaya,Plosskoe,high-mid,211558,у,later,них,gen,pl,yes
iip1951,1951,male,Mikhalevskaya,Plosskoe,high-mid,211566,у,later,них,gen,pl,no
iip1951,1951,male,Mikhalevskaya,Plosskoe,high-mid,212259,у,later,них,gen,pl,no
ipm1956,1956,male,Mikhalevskaya,Mikhalevskaya,high-mid,167697,у,later,него,gen,m,no
ipm1956,1956,male,Mikhalevskaya,Mikhalevskaya,high-mid,167965,у,later,него,gen,m,no
ipm1956,1956,male,Mikhalevskaya,Mikhalevskaya,high-mid,168106,у,later,него,gen,m,no
ipm1956,1956,male,Mikhalevskaya,Mikhalevskaya,high-mid,168138,под,later,ним,ins,m,no
ipm1956,1956,male,Mikhalevskaya,Mikhalevskaya,high-mid,168145,у,later,него,gen,m,no
ipm1956,1956,male,Mikhalevskaya,Mikhalevskaya,high-mid,168237,у,later,него,gen,m,no
ipm1956,1956,male,Mikhalevskaya,Mikhalevskaya,high-mid,169285,у,later,них,gen,pl,no
ipm1956,1956,male,Mikhalevskaya,Mikhalevskaya,high-mid,169356,у,later,него,gen,m,no
ipm1956,1956,male,Mikhalevskaya,Mikhalevskaya,high-mid,165813,у,later,них,gen,pl,no
ipm1956,1956,male,Mikhalevskaya,Mikhalevskaya,high-mid,165843,до,later,них,gen,pl,yes
ipm1956,1956,male,Mikhalevskaya,Mikhalevskaya,high-mid,166287,у,later,него,gen,m,no
ipm1956,1956,male,Mikhalevskaya,Mikhalevskaya,high-mid,164919,для,later,них,gen,pl,no
ipm1956,1956,male,Mikhalevskaya,Mikhalevskaya,high-mid,164922,для,later,них,gen,pl,no
ipm1956,1956,male,Mikhalevskaya,Mikhalevskaya,high-mid,95758,у,later,него,gen,m,no
ipm1956,1956,male,Mikhalevskaya,Mikhalevskaya,high-mid,161893,у,later,него,gen,m,no
ipm1956,1956,male,Mikhalevskaya,Mikhalevskaya,high-mid,161552,у,later,ней,gen,f,no
ipm1956,1956,male,Mikhalevskaya,Mikhalevskaya,high-mid,164729,к,initial,ней,dat,f,no
ipm1956,1956,male,Mikhalevskaya,Mikhalevskaya,high-mid,164734,к,initial,ней,dat,f,yes
ipm1956,1956,male,Mikhalevskaya,Mikhalevskaya,high-mid,163454,у,later,них,gen,pl,no
juap1969,1969,male,Mikhalevskaya,Mikhalevskaya,high-mid,43632,у,later,них,gen,pl,yes
juap1969,1969,male,Mikhalevskaya,Mikhalevskaya,high-mid,43638,у,later,них,gen,pl,no
juap1969,1969,male,Mikhalevskaya,Mikhalevskaya,high-mid,43692,к,initial,ним,dat,pl,yes
juap1969,1969,male,Mikhalevskaya,Mikhalevskaya,high-mid,44140,к,initial,нему,dat,m,yes
juap1969,1969,male,Mikhalevskaya,Mikhalevskaya,high-mid,44274,у,later,него,gen,m,yes
juap1969,1969,male,Mikhalevskaya,Mikhalevskaya,high-mid,44296,от,later,них,gen,pl,yes
juap1969,1969,male,Mikhalevskaya,Mikhalevskaya,high-mid,44749,у,later,них,gen,pl,yes
juap1969,1969,male,Mikhalevskaya,Mikhalevskaya,high-mid,44882,у,later,него,gen,m,yes
lgp1947,1947,female,Mikhalevskaya,Mikhalevskaya,high,237277,у,later,него,gen,m,no
lgp1947,1947,female,Mikhalevskaya,Mikhalevskaya,high,241757,от,later,него,gen,m,no
lgp1947,1947,female,Mikhalevskaya,Mikhalevskaya,high,242185,у,later,него,gen,m,no
lgp1947,1947,female,Mikhalevskaya,Mikhalevskaya,high,242207,на,later,него,acc,m,no
lgp1947,1947,female,Mikhalevskaya,Mikhalevskaya,high,242358,от,later,них,gen,pl,no
lgp1947,1947,female,Mikhalevskaya,Mikhalevskaya,high,242958,к,initial,нему,dat,m,no
lgp1947,1947,female,Mikhalevskaya,Mikhalevskaya,high,243037,у,later,них,gen,pl,yes
lgp1947,1947,female,Mikhalevskaya,Mikhalevskaya,high,243379,у,later,них,gen,pl,yes
lgp1947,1947,female,Mikhalevskaya,Mikhalevskaya,high,243452,с,initial,ним,ins,m,yes
lgp1947,1947,female,Mikhalevskaya,Mikhalevskaya,high,243741,у,later,нее,gen,f,yes
lgp1947,1947,female,Mikhalevskaya,Mikhalevskaya,high,244589,с,initial,ним,ins,m,no
lgp1947,1947,female,Mikhalevskaya,Mikhalevskaya,high,244814,у,later,него,gen,m,yes
lgp1947,1947,female,Mikhalevskaya,Mikhalevskaya,high,237748,у,later,них,gen,pl,yes
lgp1947,1947,female,Mikhalevskaya,Mikhalevskaya,high,245207,у,later,него,gen,m,yes
lgp1947,1947,female,Mikhalevskaya,Mikhalevskaya,high,245281,у,later,него,gen,m,yes
lgp1947,1947,female,Mikhalevskaya,Mikhalevskaya,high,245802,у,later,них,gen,pl,yes
lgp1947,1947,female,Mikhalevskaya,Mikhalevskaya,high,245810,у,later,них,gen,pl,yes
lgp1947,1947,female,Mikhalevskaya,Mikhalevskaya,high,245817,у,later,них,gen,pl,no
lgp1947,1947,female,Mikhalevskaya,Mikhalevskaya,high,245978,у,later,них,gen,pl,yes
lgp1947,1947,female,Mikhalevskaya,Mikhalevskaya,high,246008,у,later,них,gen,pl,yes
lgp1947,1947,female,Mikhalevskaya,Mikhalevskaya,high,246015,у,later,них,gen,pl,yes
lgp1947,1947,female,Mikhalevskaya,Mikhalevskaya,high,246166,у,later,них,gen,pl,yes
lgp1947,1947,female,Mikhalevskaya,Mikhalevskaya,high,246341,у,later,них,gen,pl,no
lgp1947,1947,female,Mikhalevskaya,Mikhalevskaya,high,246593,у,later,них,gen,pl,yes
lgp1947,1947,female,Mikhalevskaya,Mikhalevskaya,high,246676,у,later,них,gen,pl,yes
lgp1947,1947,female,Mikhalevskaya,Mikhalevskaya,high,237963,у,later,них,gen,pl,yes
lgp1947,1947,female,Mikhalevskaya,Mikhalevskaya,high,237979,у,later,них,gen,pl,yes
lgp1947,1947,female,Mikhalevskaya,Mikhalevskaya,high,237038,на,later,них,acc,pl,yes
lgp1947,1947,female,Mikhalevskaya,Mikhalevskaya,high,238345,у,later,них,gen,pl,yes
lgp1947,1947,female,Mikhalevskaya,Mikhalevskaya,high,239129,у,later,них,gen,pl,yes
lgp1947,1947,female,Mikhalevskaya,Mikhalevskaya,high,62059,у,later,нее,gen,f,yes
lgp1947,1947,female,Mikhalevskaya,Mikhalevskaya,high,62246,у,later,нее,gen,f,yes
lgp1947,1947,female,Mikhalevskaya,Mikhalevskaya,high,135670,с,initial,ней,ins,f,no
lgp1947,1947,female,Mikhalevskaya,Mikhalevskaya,high,135762,с,initial,ней,ins,f,no
lgp1947,1947,female,Mikhalevskaya,Mikhalevskaya,high,135952,с,initial,ней,ins,f,yes
lgp1947,1947,female,Mikhalevskaya,Mikhalevskaya,high,136005,с,initial,ней,ins,f,no
lgp1947,1947,female,Mikhalevskaya,Mikhalevskaya,high,136152,с,initial,ней,ins,f,no
lgp1947,1947,female,Mikhalevskaya,Mikhalevskaya,high,140067,с,initial,ней,ins,f,no
lgp1947,1947,female,Mikhalevskaya,Mikhalevskaya,high,135547,с,initial,ним,ins,m,no
lgp1947,1947,female,Mikhalevskaya,Mikhalevskaya,high,137062,у,later,него,gen,m,yes
lgp1947,1947,female,Mikhalevskaya,Mikhalevskaya,high,137449,у,later,него,gen,m,yes
lgp1947,1947,female,Mikhalevskaya,Mikhalevskaya,high,137757,с,initial,ним,ins,m,no
lgp1947,1947,female,Mikhalevskaya,Mikhalevskaya,high,137891,у,later,него,gen,m,yes
lgp1947,1947,female,Mikhalevskaya,Mikhalevskaya,high,137974,у,later,него,gen,m,yes
lgp1947,1947,female,Mikhalevskaya,Mikhalevskaya,high,138667,с,initial,ним,ins,m,no
lgp1947,1947,female,Mikhalevskaya,Mikhalevskaya,high,138670,с,initial,ним,ins,m,no
lgp1947,1947,female,Mikhalevskaya,Mikhalevskaya,high,139086,у,later,него,gen,m,yes
lgp1947,1947,female,Mikhalevskaya,Mikhalevskaya,high,126465,у,later,них,gen,pl,yes
lgp1947,1947,female,Mikhalevskaya,Mikhalevskaya,high,126484,у,later,них,gen,pl,yes
lgp1947,1947,female,Mikhalevskaya,Mikhalevskaya,high,129612,у,later,них,gen,pl,yes
lgp1947,1947,female,Mikhalevskaya,Mikhalevskaya,high,129955,у,later,них,gen,pl,yes
lgp1947,1947,female,Mikhalevskaya,Mikhalevskaya,high,131611,из,later,них,gen,pl,yes
lgp1947,1947,female,Mikhalevskaya,Mikhalevskaya,high,134245,с,initial,ними,ins,pl,yes
lgp1947,1947,female,Mikhalevskaya,Mikhalevskaya,high,134252,с,initial,ними,ins,pl,yes
lgp1947,1947,female,Mikhalevskaya,Mikhalevskaya,high,135608,у,later,них,gen,pl,no
lgp1947,1947,female,Mikhalevskaya,Mikhalevskaya,high,135615,у,later,них,gen,pl,yes
lgp1947,1947,female,Mikhalevskaya,Mikhalevskaya,high,137472,к,initial,ним,dat,pl,no
lgp1947,1947,female,Mikhalevskaya,Mikhalevskaya,high,137506,к,initial,ним,dat,pl,no
lgp1947,1947,female,Mikhalevskaya,Mikhalevskaya,high,138003,у,later,них,gen,pl,yes
lso1941,1941,female,Mikhalevskaya,Lobanovo-Mikhalevskaya,low-mid,191062,с,initial,ними,ins,pl,no
lso1941,1941,female,Mikhalevskaya,Lobanovo-Mikhalevskaya,low-mid,191302,у,later,него,gen,m,no
lso1941,1941,female,Mikhalevskaya,Lobanovo-Mikhalevskaya,low-mid,189109,с,initial,ними,ins,pl,no
lso1941,1941,female,Mikhalevskaya,Lobanovo-Mikhalevskaya,low-mid,191364,у,later,него,gen,m,no
lso1941,1941,female,Mikhalevskaya,Lobanovo-Mikhalevskaya,low-mid,191379,у,later,них,gen,pl,no
lso1941,1941,female,Mikhalevskaya,Lobanovo-Mikhalevskaya,low-mid,191400,у,later,него,gen,m,no
lso1941,1941,female,Mikhalevskaya,Lobanovo-Mikhalevskaya,low-mid,190576,у,later,нее,gen,f,no
lso1941,1941,female,Mikhalevskaya,Lobanovo-Mikhalevskaya,low-mid,209011,с,initial,ним,ins,m,yes
lso1941,1941,female,Mikhalevskaya,Lobanovo-Mikhalevskaya,low-mid,209038,с,initial,ним,ins,m,no
lso1941,1941,female,Mikhalevskaya,Lobanovo-Mikhalevskaya,low-mid,209023,у,later,нее,gen,f,no
lso1941,1941,female,Mikhalevskaya,Lobanovo-Mikhalevskaya,low-mid,209710,у,later,них,gen,pl,no
lso1941,1941,female,Mikhalevskaya,Lobanovo-Mikhalevskaya,low-mid,209960,у,later,него,gen,m,no
lso1941,1941,female,Mikhalevskaya,Lobanovo-Mikhalevskaya,low-mid,206386,у,later,него,gen,m,yes
lso1941,1941,female,Mikhalevskaya,Lobanovo-Mikhalevskaya,low-mid,210488,у,later,нее,gen,f,no
lso1941,1941,female,Mikhalevskaya,Lobanovo-Mikhalevskaya,low-mid,210954,у,later,них,gen,pl,no
lso1941,1941,female,Mikhalevskaya,Lobanovo-Mikhalevskaya,low-mid,211439,с,initial,ней,ins,f,no
lso1941,1941,female,Mikhalevskaya,Lobanovo-Mikhalevskaya,low-mid,212095,у,later,них,gen,pl,no
lso1941,1941,female,Mikhalevskaya,Lobanovo-Mikhalevskaya,low-mid,212160,за,later,ними,ins,pl,no
lso1941,1941,female,Mikhalevskaya,Lobanovo-Mikhalevskaya,low-mid,213089,с,initial,ним,ins,m,no
lso1941,1941,female,Mikhalevskaya,Lobanovo-Mikhalevskaya,low-mid,214559,у,later,нее,gen,f,no
lso1941,1941,female,Mikhalevskaya,Lobanovo-Mikhalevskaya,low-mid,214688,с,initial,ней,ins,f,no
lso1941,1941,female,Mikhalevskaya,Lobanovo-Mikhalevskaya,low-mid,206467,с,initial,ним,ins,m,no
lso1941,1941,female,Mikhalevskaya,Lobanovo-Mikhalevskaya,low-mid,207727,у,later,него,gen,m,no
lso1941,1941,female,Mikhalevskaya,Lobanovo-Mikhalevskaya,low-mid,206544,за,later,ним,ins,m,no
lso1941,1941,female,Mikhalevskaya,Lobanovo-Mikhalevskaya,low-mid,347618,у,later,них,gen,pl,no
lso1941,1941,female,Mikhalevskaya,Lobanovo-Mikhalevskaya,low-mid,346825,у,later,ней,gen,f,no
lso1941,1941,female,Mikhalevskaya,Lobanovo-Mikhalevskaya,low-mid,346861,от,later,нее,gen,f,no
lso1941,1941,female,Mikhalevskaya,Lobanovo-Mikhalevskaya,low-mid,348674,с,initial,ней,ins,f,no
lso1941,1941,female,Mikhalevskaya,Lobanovo-Mikhalevskaya,low-mid,348692,с,initial,ней,ins,f,no
lso1941,1941,female,Mikhalevskaya,Lobanovo-Mikhalevskaya,low-mid,352509,к,initial,ней,dat,f,no
lso1941,1941,female,Mikhalevskaya,Lobanovo-Mikhalevskaya,low-mid,353162,за,later,нее,acc,f,no
lso1941,1941,female,Mikhalevskaya,Lobanovo-Mikhalevskaya,low-mid,346605,на,later,него,acc,m,no
lso1941,1941,female,Mikhalevskaya,Lobanovo-Mikhalevskaya,low-mid,348956,с,initial,ним,ins,m,no
lso1941,1941,female,Mikhalevskaya,Lobanovo-Mikhalevskaya,low-mid,349141,у,later,него,gen,m,no
lso1941,1941,female,Mikhalevskaya,Lobanovo-Mikhalevskaya,low-mid,351789,у,later,него,gen,m,no
lso1941,1941,female,Mikhalevskaya,Lobanovo-Mikhalevskaya,low-mid,352085,с,initial,ним,ins,m,no
lso1941,1941,female,Mikhalevskaya,Lobanovo-Mikhalevskaya,low-mid,353251,с,initial,ним,ins,m,no
lso1941,1941,female,Mikhalevskaya,Lobanovo-Mikhalevskaya,low-mid,265292,у,later,него,gen,m,no
lso1941,1941,female,Mikhalevskaya,Lobanovo-Mikhalevskaya,low-mid,265307,у,later,него,gen,m,no
lso1941,1941,female,Mikhalevskaya,Lobanovo-Mikhalevskaya,low-mid,265899,без,later,него,gen,m,no
lso1941,1941,female,Mikhalevskaya,Lobanovo-Mikhalevskaya,low-mid,267482,на,later,него,acc,m,no
lso1941,1941,female,Mikhalevskaya,Lobanovo-Mikhalevskaya,low-mid,268202,с,initial,ним,ins,m,no
lso1941,1941,female,Mikhalevskaya,Lobanovo-Mikhalevskaya,low-mid,415690,с,initial,ним,ins,m,no
lso1941,1941,female,Mikhalevskaya,Lobanovo-Mikhalevskaya,low-mid,418008,у,later,него,gen,m,no
lso1941,1941,female,Mikhalevskaya,Lobanovo-Mikhalevskaya,low-mid,420022,на,later,нем,loc,m,no
lso1941,1941,female,Mikhalevskaya,Lobanovo-Mikhalevskaya,low-mid,424144,за,later,ним,ins,m,no
lso1941,1941,female,Mikhalevskaya,Lobanovo-Mikhalevskaya,low-mid,265081,к,initial,ней,dat,f,no
lso1941,1941,female,Mikhalevskaya,Lobanovo-Mikhalevskaya,low-mid,265272,у,later,нее,gen,f,yes
lso1941,1941,female,Mikhalevskaya,Lobanovo-Mikhalevskaya,low-mid,265513,у,later,нее,gen,f,yes
lso1941,1941,female,Mikhalevskaya,Lobanovo-Mikhalevskaya,low-mid,266997,с,initial,ней,ins,f,no
lso1941,1941,female,Mikhalevskaya,Lobanovo-Mikhalevskaya,low-mid,268190,с,initial,ней,ins,f,no
lso1941,1941,female,Mikhalevskaya,Lobanovo-Mikhalevskaya,low-mid,268821,у,later,нее,gen,f,no
lso1941,1941,female,Mikhalevskaya,Lobanovo-Mikhalevskaya,low-mid,417591,у,later,нее,gen,f,no
lso1941,1941,female,Mikhalevskaya,Lobanovo-Mikhalevskaya,low-mid,420463,у,later,нее,gen,f,no
lso1941,1941,female,Mikhalevskaya,Lobanovo-Mikhalevskaya,low-mid,422036,у,later,нее,gen,f,yes
lso1941,1941,female,Mikhalevskaya,Lobanovo-Mikhalevskaya,low-mid,417362,для,later,них,gen,pl,no
mdn1933,1933,female,Mikhalevskaya,Plosskoe,low-mid,46293,у,later,него,gen,m,no
mdn1933,1933,female,Mikhalevskaya,Plosskoe,low-mid,47977,за,later,него,acc,m,no
mdn1933,1933,female,Mikhalevskaya,Plosskoe,low-mid,48163,у,later,него,gen,m,yes
mdn1933,1933,female,Mikhalevskaya,Plosskoe,low-mid,48245,на,later,него,acc,m,no
mdn1933,1933,female,Mikhalevskaya,Plosskoe,low-mid,48627,с,initial,ним,ins,m,yes
mdn1933,1933,female,Mikhalevskaya,Plosskoe,low-mid,48822,после,later,них,gen,pl,no
mdn1933,1933,female,Mikhalevskaya,Plosskoe,low-mid,48970,у,later,него,gen,m,no
mdn1933,1933,female,Mikhalevskaya,Plosskoe,low-mid,49873,у,later,нее,gen,f,yes
mdn1933,1933,female,Mikhalevskaya,Plosskoe,low-mid,49884,к,initial,ней,dat,f,yes
mdn1933,1933,female,Mikhalevskaya,Plosskoe,low-mid,49889,у,later,нее,gen,f,yes
mdn1933,1933,female,Mikhalevskaya,Plosskoe,low-mid,50019,с,initial,ней,ins,f,no
mdn1933,1933,female,Mikhalevskaya,Plosskoe,low-mid,50191,у,later,нее,gen,f,no
mdn1933,1933,female,Mikhalevskaya,Plosskoe,low-mid,4880,у,later,него,gen,m,no
mdn1933,1933,female,Mikhalevskaya,Plosskoe,low-mid,5046,у,later,него,gen,m,no
mdn1933,1933,female,Mikhalevskaya,Plosskoe,low-mid,5622,у,later,него,gen,m,no
mdn1933,1933,female,Mikhalevskaya,Plosskoe,low-mid,5836,у,later,него,gen,m,no
mdn1933,1933,female,Mikhalevskaya,Plosskoe,low-mid,5842,у,later,него,gen,m,no
mdn1933,1933,female,Mikhalevskaya,Plosskoe,low-mid,5990,у,later,него,gen,m,no
mdn1933,1933,female,Mikhalevskaya,Plosskoe,low-mid,6003,у,later,него,gen,m,no
mdn1933,1933,female,Mikhalevskaya,Plosskoe,low-mid,7061,с,initial,ним,ins,m,yes
mdn1933,1933,female,Mikhalevskaya,Plosskoe,low-mid,7102,с,initial,ним,ins,m,no
mdn1933,1933,female,Mikhalevskaya,Plosskoe,low-mid,10025,у,later,него,gen,m,no
mdn1933,1933,female,Mikhalevskaya,Plosskoe,low-mid,11993,у,later,него,gen,m,no
mdn1933,1933,female,Mikhalevskaya,Plosskoe,low-mid,7678,при,later,ней,loc,f,no
mdn1933,1933,female,Mikhalevskaya,Plosskoe,low-mid,7761,к,initial,ней,dat,f,yes
mdn1933,1933,female,Mikhalevskaya,Plosskoe,low-mid,7827,к,initial,ней,dat,f,no
mdn1933,1933,female,Mikhalevskaya,Plosskoe,low-mid,8514,у,later,нее,gen,f,yes
mdn1933,1933,female,Mikhalevskaya,Plosskoe,low-mid,8554,у,later,нее,gen,f,yes
mdn1933,1933,female,Mikhalevskaya,Plosskoe,low-mid,8741,у,later,нее,gen,f,no
mdn1933,1933,female,Mikhalevskaya,Plosskoe,low-mid,9713,к,initial,ней,dat,f,no
mdn1933,1933,female,Mikhalevskaya,Plosskoe,low-mid,9855,к,initial,ней,dat,f,yes
mdn1933,1933,female,Mikhalevskaya,Plosskoe,low-mid,9864,к,initial,ней,dat,f,yes
mdn1933,1933,female,Mikhalevskaya,Plosskoe,low-mid,9898,у,later,ней,gen,f,no
mdn1933,1933,female,Mikhalevskaya,Plosskoe,low-mid,10149,с,initial,ней,ins,f,yes
mdn1933,1933,female,Mikhalevskaya,Plosskoe,low-mid,10332,у,later,нее,gen,f,yes
mdn1933,1933,female,Mikhalevskaya,Plosskoe,low-mid,10496,у,later,нее,gen,f,yes
mdn1933,1933,female,Mikhalevskaya,Plosskoe,low-mid,10548,у,later,нее,gen,f,yes
mdn1933,1933,female,Mikhalevskaya,Plosskoe,low-mid,10657,к,initial,ней,dat,f,yes
mdn1933,1933,female,Mikhalevskaya,Plosskoe,low-mid,10895,у,later,нее,gen,f,no
mdn1933,1933,female,Mikhalevskaya,Plosskoe,low-mid,11223,у,later,нее,gen,f,no
mdn1933,1933,female,Mikhalevskaya,Plosskoe,low-mid,11273,к,initial,ней,dat,f,no
mdn1933,1933,female,Mikhalevskaya,Plosskoe,low-mid,11677,у,later,нее,gen,f,yes
mdn1933,1933,female,Mikhalevskaya,Plosskoe,low-mid,12177,у,later,нее,gen,f,no
mdn1933,1933,female,Mikhalevskaya,Plosskoe,low-mid,12468,у,later,нее,gen,f,yes
mdn1933,1933,female,Mikhalevskaya,Plosskoe,low-mid,12478,у,later,нее,gen,f,no
mdn1933,1933,female,Mikhalevskaya,Plosskoe,low-mid,8896,у,later,них,gen,pl,no
mdn1933,1933,female,Mikhalevskaya,Plosskoe,low-mid,35260,с,initial,ним,ins,m,no
mdn1933,1933,female,Mikhalevskaya,Plosskoe,low-mid,36524,с,initial,ним,ins,m,yes
mdn1933,1933,female,Mikhalevskaya,Plosskoe,low-mid,37419,с,initial,ним,ins,m,yes
mdn1933,1933,female,Mikhalevskaya,Plosskoe,low-mid,38868,у,later,него,gen,m,no
mdn1933,1933,female,Mikhalevskaya,Plosskoe,low-mid,40205,у,later,него,gen,m,no
mdn1933,1933,female,Mikhalevskaya,Plosskoe,low-mid,40309,с,initial,ним,ins,m,no
mdn1933,1933,female,Mikhalevskaya,Plosskoe,low-mid,40318,у,later,него,gen,m,no
mdn1933,1933,female,Mikhalevskaya,Plosskoe,low-mid,40853,с,initial,ним,ins,m,no
mdn1933,1933,female,Mikhalevskaya,Plosskoe,low-mid,40869,про,later,него,gen,m,no
mdn1933,1933,female,Mikhalevskaya,Plosskoe,low-mid,40933,у,later,него,gen,m,no
mdn1933,1933,female,Mikhalevskaya,Plosskoe,low-mid,30044,у,later,нее,gen,f,no
mdn1933,1933,female,Mikhalevskaya,Plosskoe,low-mid,31015,с,initial,ней,ins,f,yes
mdn1933,1933,female,Mikhalevskaya,Plosskoe,low-mid,31029,с,initial,ней,ins,f,yes
mdn1933,1933,female,Mikhalevskaya,Plosskoe,low-mid,35683,у,later,нее,gen,f,no
mdn1933,1933,female,Mikhalevskaya,Plosskoe,low-mid,36638,у,later,ней,gen,f,no
mdn1933,1933,female,Mikhalevskaya,Plosskoe,low-mid,40344,к,initial,ней,dat,f,yes
mdn1933,1933,female,Mikhalevskaya,Plosskoe,low-mid,40947,к,initial,ней,dat,f,yes
mdn1933,1933,female,Mikhalevskaya,Plosskoe,low-mid,41077,с,initial,ней,ins,f,yes
mdn1933,1933,female,Mikhalevskaya,Plosskoe,low-mid,41583,у,later,нее,gen,f,no
mdn1933,1933,female,Mikhalevskaya,Plosskoe,low-mid,33056,у,later,них,gen,pl,yes
mdn1933,1933,female,Mikhalevskaya,Plosskoe,low-mid,33074,у,later,них,gen,pl,yes
mdn1933,1933,female,Mikhalevskaya,Plosskoe,low-mid,33145,к,initial,ним,dat,pl,no
mdn1933,1933,female,Mikhalevskaya,Plosskoe,low-mid,33883,от,later,них,gen,pl,yes
mdn1933,1933,female,Mikhalevskaya,Plosskoe,low-mid,34457,с,initial,ними,ins,pl,no
mdn1933,1933,female,Mikhalevskaya,Plosskoe,low-mid,35503,у,later,них,gen,pl,no
mdn1933,1933,female,Mikhalevskaya,Plosskoe,low-mid,35575,после,later,них,gen,pl,yes
mdn1933,1933,female,Mikhalevskaya,Plosskoe,low-mid,41346,у,later,них,gen,pl,yes
mgb1949,1949,female,Mikhalevskaya,Mikhalevskaya,high,384605,у,later,нее,gen,f,no
mgb1949,1949,female,Mikhalevskaya,Mikhalevskaya,high,384624,на,later,нее,acc,f,no
mgb1949,1949,female,Mikhalevskaya,Mikhalevskaya,high,384795,к,initial,ней,dat,f,yes
mgb1949,1949,female,Mikhalevskaya,Mikhalevskaya,high,384798,у,later,нее,gen,f,yes
mgb1949,1949,female,Mikhalevskaya,Mikhalevskaya,high,384966,у,later,нее,gen,f,yes
mgb1949,1949,female,Mikhalevskaya,Mikhalevskaya,high,384972,у,later,нее,gen,f,yes
mgb1949,1949,female,Mikhalevskaya,Mikhalevskaya,high,386397,у,later,нее,gen,f,yes
mgb1949,1949,female,Mikhalevskaya,Mikhalevskaya,high,386757,у,later,нее,gen,f,no
mgb1949,1949,female,Mikhalevskaya,Mikhalevskaya,high,386831,у,later,нее,gen,f,yes
mgb1949,1949,female,Mikhalevskaya,Mikhalevskaya,high,386853,у,later,нее,gen,f,yes
mgb1949,1949,female,Mikhalevskaya,Mikhalevskaya,high,387012,у,later,нее,gen,f,yes
mgb1949,1949,female,Mikhalevskaya,Mikhalevskaya,high,388147,у,later,нее,gen,f,yes
mgb1949,1949,female,Mikhalevskaya,Mikhalevskaya,high,388184,у,later,нее,gen,f,yes
mgb1949,1949,female,Mikhalevskaya,Mikhalevskaya,high,388214,у,later,нее,gen,f,yes
mgb1949,1949,female,Mikhalevskaya,Mikhalevskaya,high,380274,у,later,него,gen,m,no
mgb1949,1949,female,Mikhalevskaya,Mikhalevskaya,high,380855,с,initial,ним,ins,m,no
mgb1949,1949,female,Mikhalevskaya,Mikhalevskaya,high,381915,с,initial,ним,ins,m,yes
mgb1949,1949,female,Mikhalevskaya,Mikhalevskaya,high,382074,у,later,него,gen,m,yes
mgb1949,1949,female,Mikhalevskaya,Mikhalevskaya,high,384348,с,initial,ним,ins,m,no
mgb1949,1949,female,Mikhalevskaya,Mikhalevskaya,high,385765,у,later,него,gen,m,no
mgb1949,1949,female,Mikhalevskaya,Mikhalevskaya,high,385881,от,later,него,gen,m,no
mgb1949,1949,female,Mikhalevskaya,Mikhalevskaya,high,385943,у,later,него,gen,m,no
mgb1949,1949,female,Mikhalevskaya,Mikhalevskaya,high,386327,у,later,него,gen,m,no
mgb1949,1949,female,Mikhalevskaya,Mikhalevskaya,high,386340,у,later,него,gen,m,yes
mgb1949,1949,female,Mikhalevskaya,Mikhalevskaya,high,386507,около,later,него,gen,m,no
mgb1949,1949,female,Mikhalevskaya,Mikhalevskaya,high,387042,у,later,него,gen,m,yes
mgb1949,1949,female,Mikhalevskaya,Mikhalevskaya,high,387098,у,later,него,gen,m,yes
mgb1949,1949,female,Mikhalevskaya,Mikhalevskaya,high,387113,к,initial,нему,dat,m,yes
mgb1949,1949,female,Mikhalevskaya,Mikhalevskaya,high,387486,с,initial,ним,ins,m,yes
mgb1949,1949,female,Mikhalevskaya,Mikhalevskaya,high,387997,у,later,него,gen,m,yes
mgb1949,1949,female,Mikhalevskaya,Mikhalevskaya,high,388016,у,later,него,gen,m,yes
mgb1949,1949,female,Mikhalevskaya,Mikhalevskaya,high,380297,у,later,них,gen,pl,no
mgb1949,1949,female,Mikhalevskaya,Mikhalevskaya,high,382121,у,later,них,gen,pl,yes
mgb1949,1949,female,Mikhalevskaya,Mikhalevskaya,high,383410,с,initial,ними,ins,pl,no
mgb1949,1949,female,Mikhalevskaya,Mikhalevskaya,high,383951,у,later,них,gen,pl,no
mgb1949,1949,female,Mikhalevskaya,Mikhalevskaya,high,383986,у,later,них,gen,pl,yes
mgb1949,1949,female,Mikhalevskaya,Mikhalevskaya,high,385888,у,later,них,gen,pl,yes
mgb1949,1949,female,Mikhalevskaya,Mikhalevskaya,high,386638,у,later,них,gen,pl,no
mgb1949,1949,female,Mikhalevskaya,Mikhalevskaya,high,386864,у,later,них,gen,pl,yes
mgb1949,1949,female,Mikhalevskaya,Mikhalevskaya,high,386885,с,initial,ними,ins,pl,no
mgb1949,1949,female,Mikhalevskaya,Mikhalevskaya,high,551149,у,later,него,gen,m,no
mgb1949,1949,female,Mikhalevskaya,Mikhalevskaya,high,552641,с,initial,ним,ins,m,yes
mgb1949,1949,female,Mikhalevskaya,Mikhalevskaya,high,553158,с,initial,ним,ins,m,no
mgb1949,1949,female,Mikhalevskaya,Mikhalevskaya,high,553376,с,initial,ним,ins,m,no
mgb1949,1949,female,Mikhalevskaya,Mikhalevskaya,high,554423,у,later,него,gen,m,yes
mgb1949,1949,female,Mikhalevskaya,Mikhalevskaya,high,555943,с,initial,ним,ins,m,no
mgb1949,1949,female,Mikhalevskaya,Mikhalevskaya,high,559203,у,later,него,gen,m,yes
mgb1949,1949,female,Mikhalevskaya,Mikhalevskaya,high,560580,у,later,него,gen,m,no
mgb1949,1949,female,Mikhalevskaya,Mikhalevskaya,high,563791,у,later,него,gen,m,no
mgb1949,1949,female,Mikhalevskaya,Mikhalevskaya,high,564872,у,later,него,gen,m,no
mgb1949,1949,female,Mikhalevskaya,Mikhalevskaya,high,566077,к,initial,ним,dat,pl,yes
mgb1949,1949,female,Mikhalevskaya,Mikhalevskaya,high,550543,из,later,нее,gen,f,yes
mgb1949,1949,female,Mikhalevskaya,Mikhalevskaya,high,558943,с,initial,ней,ins,f,no
mgb1949,1949,female,Mikhalevskaya,Mikhalevskaya,high,562156,у,later,нее,gen,f,no
mgb1949,1949,female,Mikhalevskaya,Mikhalevskaya,high,565728,в,initial,ней,loc,f,yes
mgb1949,1949,female,Mikhalevskaya,Mikhalevskaya,high,566069,у,later,ней,gen,f,yes
mgb1949,1949,female,Mikhalevskaya,Mikhalevskaya,high,560498,у,later,них,gen,pl,yes
mgb1949,1949,female,Mikhalevskaya,Mikhalevskaya,high,560643,у,later,них,gen,pl,no
mgb1949,1949,female,Mikhalevskaya,Mikhalevskaya,high,561718,у,later,них,gen,pl,yes
mik1922,1922,female,Bestuzhevo,Bestuzhevo,low,316152,у,later,него,gen,m,no
mik1922,1922,female,Bestuzhevo,Bestuzhevo,low,325684,у,later,него,gen,m,no
mik1922,1922,female,Bestuzhevo,Bestuzhevo,low,325859,у,later,него,gen,m,no
mik1922,1922,female,Bestuzhevo,Bestuzhevo,low,325904,у,later,него,gen,m,no
mik1922,1922,female,Bestuzhevo,Bestuzhevo,low,752312,у,later,него,gen,m,no
mik1922,1922,female,Bestuzhevo,Bestuzhevo,low,752401,от,later,него,gen,m,no
mik1922,1922,female,Bestuzhevo,Bestuzhevo,low,752458,у,later,него,gen,m,no
mik1922,1922,female,Bestuzhevo,Bestuzhevo,low,752469,к,initial,нему,dat,m,no
mik1922,1922,female,Bestuzhevo,Bestuzhevo,low,752665,у,later,него,gen,m,no
mik1922,1922,female,Bestuzhevo,Bestuzhevo,low,319068,с,initial,ней,ins,f,no
mik1922,1922,female,Bestuzhevo,Bestuzhevo,low,323775,у,later,нее,gen,f,no
mik1922,1922,female,Bestuzhevo,Bestuzhevo,low,752692,с,initial,ней,ins,f,no
mik1922,1922,female,Bestuzhevo,Bestuzhevo,low,757059,с,initial,ней,ins,f,no
mik1922,1922,female,Bestuzhevo,Bestuzhevo,low,757062,с,initial,ней,ins,f,no
mik1922,1922,female,Bestuzhevo,Bestuzhevo,low,757070,с,initial,ней,ins,f,no
mik1922,1922,female,Bestuzhevo,Bestuzhevo,low,754585,у,later,них,gen,pl,no
nap1974,1974,female,Mikhalevskaya,Mikhalevskaya,high,25534,из,later,него,gen,m,yes
nap1974,1974,female,Mikhalevskaya,Mikhalevskaya,high,25643,у,later,него,gen,m,yes
nap1974,1974,female,Mikhalevskaya,Mikhalevskaya,high,25648,у,later,него,gen,m,yes
nap1974,1974,female,Mikhalevskaya,Mikhalevskaya,high,25821,у,later,него,gen,m,yes
nap1974,1974,female,Mikhalevskaya,Mikhalevskaya,high,26282,у,later,него,gen,m,yes
nap1974,1974,female,Mikhalevskaya,Mikhalevskaya,high,26404,у,later,нее,gen,f,yes
nap1974,1974,female,Mikhalevskaya,Mikhalevskaya,high,29491,у,later,нее,gen,f,yes
nap1974,1974,female,Mikhalevskaya,Mikhalevskaya,high,33055,к,initial,ней,dat,f,yes
nap1974,1974,female,Mikhalevskaya,Mikhalevskaya,high,33233,к,initial,ней,dat,f,yes
nap1974,1974,female,Mikhalevskaya,Mikhalevskaya,high,33309,с,initial,ней,ins,f,yes
nap1974,1974,female,Mikhalevskaya,Mikhalevskaya,high,33393,с,initial,ней,ins,f,yes
nap1974,1974,female,Mikhalevskaya,Mikhalevskaya,high,33490,с,initial,ним,ins,m,yes
nap1974,1974,female,Mikhalevskaya,Mikhalevskaya,high,34187,над,later,ними,ins,pl,yes
nap1974,1974,female,Mikhalevskaya,Mikhalevskaya,high,34503,у,later,них,gen,pl,yes
nap1974,1974,female,Mikhalevskaya,Mikhalevskaya,high,34790,у,later,них,gen,pl,yes
nap1974,1974,female,Mikhalevskaya,Mikhalevskaya,high,22712,у,later,них,gen,pl,yes
ndo1958,1958,female,Mikhalevskaya,Mikhalevskaya,high-mid,104623,у,later,них,gen,pl,no
ndo1958,1958,female,Mikhalevskaya,Mikhalevskaya,high-mid,105075,с,initial,ней,ins,f,yes
ndo1958,1958,female,Mikhalevskaya,Mikhalevskaya,high-mid,105596,за,later,них,acc,pl,no
ndo1958,1958,female,Mikhalevskaya,Mikhalevskaya,high-mid,105707,у,later,них,gen,pl,no
ndo1958,1958,female,Mikhalevskaya,Mikhalevskaya,high-mid,107405,с,initial,ней,ins,f,yes
ndo1958,1958,female,Mikhalevskaya,Mikhalevskaya,high-mid,108371,под,later,ним,ins,m,yes
ndo1958,1958,female,Mikhalevskaya,Mikhalevskaya,high-mid,109233,от,later,них,gen,pl,no
ndo1958,1958,female,Mikhalevskaya,Mikhalevskaya,high-mid,109369,с,initial,ней,ins,f,no
ndo1958,1958,female,Mikhalevskaya,Mikhalevskaya,high-mid,109385,с,initial,ней,ins,f,yes
ndo1958,1958,female,Mikhalevskaya,Mikhalevskaya,high-mid,109442,с,initial,ней,ins,f,yes
ndo1958,1958,female,Mikhalevskaya,Mikhalevskaya,high-mid,109933,до,later,него,gen,m,yes
ndo1958,1958,female,Mikhalevskaya,Mikhalevskaya,high-mid,103859,с,initial,ним,ins,m,yes
ndo1958,1958,female,Mikhalevskaya,Mikhalevskaya,high-mid,490628,за,later,него,acc,m,no
ndo1958,1958,female,Mikhalevskaya,Mikhalevskaya,high-mid,493714,из,later,него,gen,m,no
ndo1958,1958,female,Mikhalevskaya,Mikhalevskaya,high-mid,496706,с,initial,ним,ins,m,no
ndo1958,1958,female,Mikhalevskaya,Mikhalevskaya,high-mid,496918,от,later,него,gen,m,no
ndo1958,1958,female,Mikhalevskaya,Mikhalevskaya,high-mid,497080,с,initial,ним,ins,m,yes
ndo1958,1958,female,Mikhalevskaya,Mikhalevskaya,high-mid,497523,с,initial,ним,ins,m,no
ndo1958,1958,female,Mikhalevskaya,Mikhalevskaya,high-mid,498400,за,later,него,acc,m,no
ndo1958,1958,female,Mikhalevskaya,Mikhalevskaya,high-mid,499065,у,later,него,gen,m,no
ndo1958,1958,female,Mikhalevskaya,Mikhalevskaya,high-mid,499270,у,later,него,gen,m,no
ndo1958,1958,female,Mikhalevskaya,Mikhalevskaya,high-mid,494085,с,initial,ней,ins,f,yes
ndo1958,1958,female,Mikhalevskaya,Mikhalevskaya,high-mid,494232,у,later,нее,gen,f,no
ndo1958,1958,female,Mikhalevskaya,Mikhalevskaya,high-mid,494256,на,later,нее,acc,f,no
ndo1958,1958,female,Mikhalevskaya,Mikhalevskaya,high-mid,494283,у,later,нее,gen,f,no
ndo1958,1958,female,Mikhalevskaya,Mikhalevskaya,high-mid,498924,от,later,нее,gen,f,no
ndo1958,1958,female,Mikhalevskaya,Mikhalevskaya,high-mid,499246,с,initial,ней,ins,f,no
ndo1958,1958,female,Mikhalevskaya,Mikhalevskaya,high-mid,489780,у,later,них,gen,pl,yes
ndo1958,1958,female,Mikhalevskaya,Mikhalevskaya,high-mid,497123,с,initial,ними,ins,pl,no
ndo1958,1958,female,Mikhalevskaya,Mikhalevskaya,high-mid,497285,у,later,них,gen,pl,yes
ndo1958,1958,female,Mikhalevskaya,Mikhalevskaya,high-mid,498226,у,later,них,gen,pl,no
ndo1958,1958,female,Mikhalevskaya,Mikhalevskaya,high-mid,498733,за,later,ними,ins,pl,no
nfm1961,1961,female,Mikhalevskaya,Plosskoe,high-mid,157095,у,later,него,gen,m,yes
nfm1961,1961,female,Mikhalevskaya,Plosskoe,high-mid,157800,с,initial,ним,ins,m,yes
nfm1961,1961,female,Mikhalevskaya,Plosskoe,high-mid,165454,у,later,него,gen,m,yes
nfm1961,1961,female,Mikhalevskaya,Plosskoe,high-mid,165469,у,later,него,gen,m,yes
nfm1961,1961,female,Mikhalevskaya,Plosskoe,high-mid,538857,за,later,ним,ins,m,yes
nfm1961,1961,female,Mikhalevskaya,Plosskoe,high-mid,542884,у,later,него,gen,m,yes
nfm1961,1961,female,Mikhalevskaya,Plosskoe,high-mid,542930,у,later,него,gen,m,yes
nfm1961,1961,female,Mikhalevskaya,Plosskoe,high-mid,543128,за,later,него,acc,m,yes
nfm1961,1961,female,Mikhalevskaya,Plosskoe,high-mid,543199,из-за,later,него,gen,m,yes
nfm1961,1961,female,Mikhalevskaya,Plosskoe,high-mid,544168,для,later,него,gen,m,yes
nfm1961,1961,female,Mikhalevskaya,Plosskoe,high-mid,544197,к,initial,нему,dat,m,yes
nfm1961,1961,female,Mikhalevskaya,Plosskoe,high-mid,544489,с,initial,ним,ins,m,yes
nfm1961,1961,female,Mikhalevskaya,Plosskoe,high-mid,545416,к,initial,нему,dat,m,yes
nfm1961,1961,female,Mikhalevskaya,Plosskoe,high-mid,155691,с,initial,ней,ins,f,yes
nfm1961,1961,female,Mikhalevskaya,Plosskoe,high-mid,155725,к,initial,ней,dat,f,yes
nfm1961,1961,female,Mikhalevskaya,Plosskoe,high-mid,155921,с,initial,ней,ins,f,yes
nfm1961,1961,female,Mikhalevskaya,Plosskoe,high-mid,156624,с,initial,ней,ins,f,yes
nfm1961,1961,female,Mikhalevskaya,Plosskoe,high-mid,156959,на,later,ней,loc,f,yes
nfm1961,1961,female,Mikhalevskaya,Plosskoe,high-mid,157436,к,initial,ней,dat,f,yes
nfm1961,1961,female,Mikhalevskaya,Plosskoe,high-mid,160993,с,initial,ней,ins,f,yes
nfm1961,1961,female,Mikhalevskaya,Plosskoe,high-mid,539536,у,later,нее,gen,f,yes
nfm1961,1961,female,Mikhalevskaya,Plosskoe,high-mid,540243,у,later,нее,gen,f,yes
nfm1961,1961,female,Mikhalevskaya,Plosskoe,high-mid,540751,с,initial,ней,ins,f,yes
nfm1961,1961,female,Mikhalevskaya,Plosskoe,high-mid,541634,с,initial,ней,ins,f,yes
nfm1961,1961,female,Mikhalevskaya,Plosskoe,high-mid,543058,с,initial,ней,ins,f,yes
nfm1961,1961,female,Mikhalevskaya,Plosskoe,high-mid,546805,с,initial,ней,ins,f,yes
nfm1961,1961,female,Mikhalevskaya,Plosskoe,high-mid,159293,у,later,них,gen,pl,yes
nfm1961,1961,female,Mikhalevskaya,Plosskoe,high-mid,159718,у,later,них,gen,pl,yes
nfm1961,1961,female,Mikhalevskaya,Plosskoe,high-mid,159733,у,later,них,gen,pl,yes
nfm1961,1961,female,Mikhalevskaya,Plosskoe,high-mid,159739,у,later,них,gen,pl,yes
nfm1961,1961,female,Mikhalevskaya,Plosskoe,high-mid,159748,от,later,них,gen,pl,yes
nfm1961,1961,female,Mikhalevskaya,Plosskoe,high-mid,159753,у,later,них,gen,pl,yes
nfm1961,1961,female,Mikhalevskaya,Plosskoe,high-mid,159758,у,later,них,gen,pl,yes
nfm1961,1961,female,Mikhalevskaya,Plosskoe,high-mid,162350,у,later,них,gen,pl,yes
nfm1961,1961,female,Mikhalevskaya,Plosskoe,high-mid,540348,у,later,них,gen,pl,yes
nfm1961,1961,female,Mikhalevskaya,Plosskoe,high-mid,540918,у,later,них,gen,pl,yes
nfm1961,1961,female,Mikhalevskaya,Plosskoe,high-mid,541735,от,later,них,gen,pl,yes
nfm1961,1961,female,Mikhalevskaya,Plosskoe,high-mid,542524,к,initial,ним,dat,pl,yes
njae1952,1952,male,Plosskoe,Akichkin pochinok,high,34916,у,later,них,gen,pl,no
njae1952,1952,male,Plosskoe,Akichkin pochinok,high,34942,с,initial,ними,ins,pl,no
njae1952,1952,male,Plosskoe,Akichkin pochinok,high,34548,у,later,них,gen,pl,no
njae1952,1952,male,Plosskoe,Akichkin pochinok,high,34653,у,later,него,gen,m,no
njae1952,1952,male,Plosskoe,Akichkin pochinok,high,557895,у,later,него,gen,m,no
njae1952,1952,male,Plosskoe,Akichkin pochinok,high,556601,у,later,нее,gen,f,no
nnt1960,1960,female,Mikhalevskaya,Mikhalevskaya,high,68885,на,later,него,acc,m,yes
nnt1960,1960,female,Mikhalevskaya,Mikhalevskaya,high,73631,у,later,него,gen,m,yes
nnt1960,1960,female,Mikhalevskaya,Mikhalevskaya,high,74105,с,initial,ним,ins,m,yes
nnt1960,1960,female,Mikhalevskaya,Mikhalevskaya,high,74168,с,initial,ним,ins,m,no
nnt1960,1960,female,Mikhalevskaya,Mikhalevskaya,high,75063,у,later,него,gen,m,yes
nnt1960,1960,female,Mikhalevskaya,Mikhalevskaya,high,75132,у,later,него,gen,m,yes
nnt1960,1960,female,Mikhalevskaya,Mikhalevskaya,high,75909,у,later,него,gen,m,yes
nnt1960,1960,female,Mikhalevskaya,Mikhalevskaya,high,76130,у,later,него,gen,m,yes
nnt1960,1960,female,Mikhalevskaya,Mikhalevskaya,high,454443,к,initial,нему,dat,m,yes
nnt1960,1960,female,Mikhalevskaya,Mikhalevskaya,high,454548,у,later,него,gen,m,yes
nnt1960,1960,female,Mikhalevskaya,Mikhalevskaya,high,454805,с,initial,ним,ins,m,no
nnt1960,1960,female,Mikhalevskaya,Mikhalevskaya,high,454814,у,later,него,gen,m,yes
nnt1960,1960,female,Mikhalevskaya,Mikhalevskaya,high,454882,за,later,него,acc,m,yes
nnt1960,1960,female,Mikhalevskaya,Mikhalevskaya,high,455543,у,later,него,gen,m,yes
nnt1960,1960,female,Mikhalevskaya,Mikhalevskaya,high,455708,у,later,него,gen,m,no
nnt1960,1960,female,Mikhalevskaya,Mikhalevskaya,high,456023,у,later,него,gen,m,yes
nnt1960,1960,female,Mikhalevskaya,Mikhalevskaya,high,456142,у,later,него,gen,m,yes
nnt1960,1960,female,Mikhalevskaya,Mikhalevskaya,high,456155,у,later,него,gen,m,yes
nnt1960,1960,female,Mikhalevskaya,Mikhalevskaya,high,456255,у,later,него,gen,m,yes
nnt1960,1960,female,Mikhalevskaya,Mikhalevskaya,high,456422,в,initial,нем,loc,m,yes
nnt1960,1960,female,Mikhalevskaya,Mikhalevskaya,high,457055,у,later,него,gen,m,yes
nnt1960,1960,female,Mikhalevskaya,Mikhalevskaya,high,457880,с,initial,ним,ins,m,yes
nnt1960,1960,female,Mikhalevskaya,Mikhalevskaya,high,459887,у,later,него,gen,m,yes
nnt1960,1960,female,Mikhalevskaya,Mikhalevskaya,high,67058,с,initial,ней,ins,f,no
nnt1960,1960,female,Mikhalevskaya,Mikhalevskaya,high,70681,к,initial,ней,dat,f,yes
nnt1960,1960,female,Mikhalevskaya,Mikhalevskaya,high,72217,к,initial,ней,dat,f,yes
nnt1960,1960,female,Mikhalevskaya,Mikhalevskaya,high,72262,у,later,нее,gen,f,yes
nnt1960,1960,female,Mikhalevskaya,Mikhalevskaya,high,72378,у,later,нее,gen,f,yes
nnt1960,1960,female,Mikhalevskaya,Mikhalevskaya,high,72398,у,later,нее,gen,f,yes
nnt1960,1960,female,Mikhalevskaya,Mikhalevskaya,high,72408,у,later,нее,gen,f,no
nnt1960,1960,female,Mikhalevskaya,Mikhalevskaya,high,74906,с,initial,ней,ins,f,yes
nnt1960,1960,female,Mikhalevskaya,Mikhalevskaya,high,75455,у,later,нее,gen,f,yes
nnt1960,1960,female,Mikhalevskaya,Mikhalevskaya,high,76187,у,later,нее,gen,f,yes
nnt1960,1960,female,Mikhalevskaya,Mikhalevskaya,high,76193,к,initial,ней,dat,f,no
nnt1960,1960,female,Mikhalevskaya,Mikhalevskaya,high,452817,у,later,нее,gen,f,yes
nnt1960,1960,female,Mikhalevskaya,Mikhalevskaya,high,454070,у,later,нее,gen,f,yes
nnt1960,1960,female,Mikhalevskaya,Mikhalevskaya,high,455200,у,later,нее,gen,f,yes
nnt1960,1960,female,Mikhalevskaya,Mikhalevskaya,high,455952,к,initial,ней,dat,f,yes
nnt1960,1960,female,Mikhalevskaya,Mikhalevskaya,high,455963,к,initial,ней,dat,f,yes
nnt1960,1960,female,Mikhalevskaya,Mikhalevskaya,high,456325,у,later,нее,gen,f,yes
nnt1960,1960,female,Mikhalevskaya,Mikhalevskaya,high,457087,у,later,нее,gen,f,yes
nnt1960,1960,female,Mikhalevskaya,Mikhalevskaya,high,458423,на,later,ней,loc,f,yes
nnt1960,1960,female,Mikhalevskaya,Mikhalevskaya,high,67881,у,later,них,gen,pl,yes
nnt1960,1960,female,Mikhalevskaya,Mikhalevskaya,high,72791,у,later,них,gen,pl,yes
nnt1960,1960,female,Mikhalevskaya,Mikhalevskaya,high,74365,у,later,них,gen,pl,yes
nnt1960,1960,female,Mikhalevskaya,Mikhalevskaya,high,453580,у,later,них,gen,pl,yes
nnt1960,1960,female,Mikhalevskaya,Mikhalevskaya,high,453587,у,later,них,gen,pl,yes
nnt1960,1960,female,Mikhalevskaya,Mikhalevskaya,high,454310,с,initial,ними,ins,pl,yes
nnt1960,1960,female,Mikhalevskaya,Mikhalevskaya,high,455512,у,later,них,gen,pl,yes
nnt1960,1960,female,Mikhalevskaya,Mikhalevskaya,high,455647,у,later,них,gen,pl,yes
nnt1960,1960,female,Mikhalevskaya,Mikhalevskaya,high,456056,с,initial,ними,ins,pl,yes
nnt1960,1960,female,Mikhalevskaya,Mikhalevskaya,high,456123,у,later,них,gen,pl,yes
nnt1960,1960,female,Mikhalevskaya,Mikhalevskaya,high,457668,у,later,них,gen,pl,yes
nnt1960,1960,female,Mikhalevskaya,Mikhalevskaya,high,458782,у,later,них,gen,pl,yes
nnt1960,1960,female,Mikhalevskaya,Mikhalevskaya,high,458838,к,initial,ним,dat,pl,yes
nnt1960,1960,female,Mikhalevskaya,Mikhalevskaya,high,459702,у,later,них,gen,pl,yes
nnt1960,1960,female,Mikhalevskaya,Mikhalevskaya,high,638914,с,initial,ним,ins,m,yes
nnt1960,1960,female,Mikhalevskaya,Mikhalevskaya,high,638983,у,later,него,gen,m,yes
nnt1960,1960,female,Mikhalevskaya,Mikhalevskaya,high,88120,у,later,них,gen,pl,yes
nnt1960,1960,female,Mikhalevskaya,Mikhalevskaya,high,639331,с,initial,ними,ins,pl,yes
npo1954,1954,male,Mikhalevskaya,Mikhalevskaya,high-mid,494392,у,later,него,gen,m,no
npo1954,1954,male,Mikhalevskaya,Mikhalevskaya,high-mid,494647,у,later,него,gen,m,no
npo1954,1954,male,Mikhalevskaya,Mikhalevskaya,high-mid,494729,у,later,него,gen,m,no
npo1954,1954,male,Mikhalevskaya,Mikhalevskaya,high-mid,494766,у,later,него,gen,m,no
npo1954,1954,male,Mikhalevskaya,Mikhalevskaya,high-mid,496108,с,initial,ним,ins,m,no
npo1954,1954,male,Mikhalevskaya,Mikhalevskaya,high-mid,497119,у,later,него,gen,m,no
npo1954,1954,male,Mikhalevskaya,Mikhalevskaya,high-mid,497157,у,later,него,gen,m,no
npo1954,1954,male,Mikhalevskaya,Mikhalevskaya,high-mid,497192,у,later,него,gen,m,no
npo1954,1954,male,Mikhalevskaya,Mikhalevskaya,high-mid,497295,у,later,него,gen,m,no
npo1954,1954,male,Mikhalevskaya,Mikhalevskaya,high-mid,497359,с,initial,ним,ins,m,no
npo1954,1954,male,Mikhalevskaya,Mikhalevskaya,high-mid,497712,с,initial,ним,ins,m,no
npo1954,1954,male,Mikhalevskaya,Mikhalevskaya,high-mid,497821,к,initial,нему,dat,m,no
npo1954,1954,male,Mikhalevskaya,Mikhalevskaya,high-mid,497886,у,later,него,gen,m,no
npo1954,1954,male,Mikhalevskaya,Mikhalevskaya,high-mid,498028,с,initial,ним,ins,m,no
npo1954,1954,male,Mikhalevskaya,Mikhalevskaya,high-mid,498733,к,initial,нему,dat,m,no
npo1954,1954,male,Mikhalevskaya,Mikhalevskaya,high-mid,499155,с,initial,ним,ins,m,no
npo1954,1954,male,Mikhalevskaya,Mikhalevskaya,high-mid,499323,с,initial,ним,ins,m,no
npo1954,1954,male,Mikhalevskaya,Mikhalevskaya,high-mid,499705,у,later,него,gen,m,no
npo1954,1954,male,Mikhalevskaya,Mikhalevskaya,high-mid,493709,с,initial,ней,ins,f,no
npo1954,1954,male,Mikhalevskaya,Mikhalevskaya,high-mid,494162,с,initial,ней,ins,f,no
npo1954,1954,male,Mikhalevskaya,Mikhalevskaya,high-mid,494173,у,later,нее,gen,f,no
npo1954,1954,male,Mikhalevskaya,Mikhalevskaya,high-mid,494238,у,later,нее,gen,f,no
npo1954,1954,male,Mikhalevskaya,Mikhalevskaya,high-mid,494463,за,later,ней,ins,f,no
npo1954,1954,male,Mikhalevskaya,Mikhalevskaya,high-mid,494503,у,later,нее,gen,f,no
npo1954,1954,male,Mikhalevskaya,Mikhalevskaya,high-mid,494581,за,later,ней,ins,f,no
npo1954,1954,male,Mikhalevskaya,Mikhalevskaya,high-mid,497472,с,initial,ней,ins,f,no
npo1954,1954,male,Mikhalevskaya,Mikhalevskaya,high-mid,499004,у,later,ней,gen,f,no
npo1954,1954,male,Mikhalevskaya,Mikhalevskaya,high-mid,498350,на,later,них,acc,pl,no
npo1954,1954,male,Mikhalevskaya,Mikhalevskaya,high-mid,498467,за,later,ними,ins,pl,no
npo1954,1954,male,Mikhalevskaya,Mikhalevskaya,high-mid,499454,за,later,них,acc,pl,no
npo1954,1954,male,Mikhalevskaya,Mikhalevskaya,high-mid,499578,на,later,них,acc,pl,no
npo1954,1954,male,Mikhalevskaya,Mikhalevskaya,high-mid,473998,с,initial,ним,ins,m,no
npo1954,1954,male,Mikhalevskaya,Mikhalevskaya,high-mid,475057,к,initial,нему,dat,m,no
npo1954,1954,male,Mikhalevskaya,Mikhalevskaya,high-mid,475086,к,initial,нему,dat,m,no
npo1954,1954,male,Mikhalevskaya,Mikhalevskaya,high-mid,475090,с,initial,него,gen,m,no
npo1954,1954,male,Mikhalevskaya,Mikhalevskaya,high-mid,475094,у,later,него,gen,m,no
npo1954,1954,male,Mikhalevskaya,Mikhalevskaya,high-mid,475543,у,later,него,gen,m,no
npo1954,1954,male,Mikhalevskaya,Mikhalevskaya,high-mid,475878,у,later,него,gen,m,no
npo1954,1954,male,Mikhalevskaya,Mikhalevskaya,high-mid,478007,у,later,него,gen,m,no
npo1954,1954,male,Mikhalevskaya,Mikhalevskaya,high-mid,479185,за,later,ним,ins,m,no
npo1954,1954,male,Mikhalevskaya,Mikhalevskaya,high-mid,474087,у,later,нее,gen,f,no
npo1954,1954,male,Mikhalevskaya,Mikhalevskaya,high-mid,475455,у,later,них,gen,pl,yes
npo1954,1954,male,Mikhalevskaya,Mikhalevskaya,high-mid,479188,за,later,ними,ins,pl,no
npo1965,1965,male,Mikhalevskaya,Mikhalevskaya,high-mid,20139,с,initial,ним,ins,m,yes
npo1965,1965,male,Mikhalevskaya,Mikhalevskaya,high-mid,20648,на,later,него,acc,m,yes
npo1965,1965,male,Mikhalevskaya,Mikhalevskaya,high-mid,20715,у,later,него,gen,m,yes
npo1965,1965,male,Mikhalevskaya,Mikhalevskaya,high-mid,20794,у,later,него,gen,m,yes
npo1965,1965,male,Mikhalevskaya,Mikhalevskaya,high-mid,20853,к,initial,нему,dat,m,yes
npo1965,1965,male,Mikhalevskaya,Mikhalevskaya,high-mid,20861,от,later,него,gen,m,yes
npo1965,1965,male,Mikhalevskaya,Mikhalevskaya,high-mid,20865,к,initial,нему,dat,m,yes
npo1965,1965,male,Mikhalevskaya,Mikhalevskaya,high-mid,21255,с,initial,ним,ins,m,yes
npo1965,1965,male,Mikhalevskaya,Mikhalevskaya,high-mid,195818,у,later,него,gen,m,yes
npo1965,1965,male,Mikhalevskaya,Mikhalevskaya,high-mid,195839,у,later,него,gen,m,yes
npo1965,1965,male,Mikhalevskaya,Mikhalevskaya,high-mid,195908,у,later,него,gen,m,yes
npo1965,1965,male,Mikhalevskaya,Mikhalevskaya,high-mid,196016,к,initial,нему,dat,m,yes
npo1965,1965,male,Mikhalevskaya,Mikhalevskaya,high-mid,196833,с,initial,ним,ins,m,yes
npo1965,1965,male,Mikhalevskaya,Mikhalevskaya,high-mid,196930,с,initial,ним,ins,m,yes
npo1965,1965,male,Mikhalevskaya,Mikhalevskaya,high-mid,197266,у,later,него,gen,m,yes
npo1965,1965,male,Mikhalevskaya,Mikhalevskaya,high-mid,197453,у,later,него,gen,m,yes
npo1965,1965,male,Mikhalevskaya,Mikhalevskaya,high-mid,197521,у,later,него,gen,m,yes
npo1965,1965,male,Mikhalevskaya,Mikhalevskaya,high-mid,197612,у,later,него,gen,m,yes
npo1965,1965,male,Mikhalevskaya,Mikhalevskaya,high-mid,197715,у,later,него,gen,m,yes
npo1965,1965,male,Mikhalevskaya,Mikhalevskaya,high-mid,197834,у,later,него,gen,m,yes
npo1965,1965,male,Mikhalevskaya,Mikhalevskaya,high-mid,202012,на,later,него,acc,m,yes
npo1965,1965,male,Mikhalevskaya,Mikhalevskaya,high-mid,203600,у,later,него,gen,m,yes
npo1965,1965,male,Mikhalevskaya,Mikhalevskaya,high-mid,203681,у,later,него,gen,m,yes
npo1965,1965,male,Mikhalevskaya,Mikhalevskaya,high-mid,203713,с,initial,ним,ins,m,yes
npo1965,1965,male,Mikhalevskaya,Mikhalevskaya,high-mid,204110,с,initial,ним,ins,m,yes
npo1965,1965,male,Mikhalevskaya,Mikhalevskaya,high-mid,204706,у,later,него,gen,m,yes
npo1965,1965,male,Mikhalevskaya,Mikhalevskaya,high-mid,204750,у,later,него,gen,m,yes
npo1965,1965,male,Mikhalevskaya,Mikhalevskaya,high-mid,417607,у,later,него,gen,m,no
npo1965,1965,male,Mikhalevskaya,Mikhalevskaya,high-mid,461650,у,later,него,gen,m,yes
npo1965,1965,male,Mikhalevskaya,Mikhalevskaya,high-mid,462651,в,initial,него,acc,m,yes
npo1965,1965,male,Mikhalevskaya,Mikhalevskaya,high-mid,464349,у,later,него,gen,m,yes
npo1965,1965,male,Mikhalevskaya,Mikhalevskaya,high-mid,464359,у,later,него,gen,m,yes
npo1965,1965,male,Mikhalevskaya,Mikhalevskaya,high-mid,464378,у,later,него,gen,m,yes
npo1965,1965,male,Mikhalevskaya,Mikhalevskaya,high-mid,464484,у,later,него,gen,m,yes
npo1965,1965,male,Mikhalevskaya,Mikhalevskaya,high-mid,464515,у,later,него,gen,m,yes
npo1965,1965,male,Mikhalevskaya,Mikhalevskaya,high-mid,464834,на,later,него,acc,m,yes
npo1965,1965,male,Mikhalevskaya,Mikhalevskaya,high-mid,464855,у,later,него,gen,m,yes
npo1965,1965,male,Mikhalevskaya,Mikhalevskaya,high-mid,466072,с,initial,ним,ins,m,yes
npo1965,1965,male,Mikhalevskaya,Mikhalevskaya,high-mid,466330,с,initial,ним,ins,m,yes
npo1965,1965,male,Mikhalevskaya,Mikhalevskaya,high-mid,466354,у,later,него,gen,m,yes
npo1965,1965,male,Mikhalevskaya,Mikhalevskaya,high-mid,466360,с,initial,ним,ins,m,yes
npo1965,1965,male,Mikhalevskaya,Mikhalevskaya,high-mid,466405,с,initial,ним,ins,m,yes
npo1965,1965,male,Mikhalevskaya,Mikhalevskaya,high-mid,468483,у,later,него,gen,m,yes
npo1965,1965,male,Mikhalevskaya,Mikhalevskaya,high-mid,197373,с,initial,ней,ins,f,yes
npo1965,1965,male,Mikhalevskaya,Mikhalevskaya,high-mid,197382,с,initial,ней,ins,f,yes
npo1965,1965,male,Mikhalevskaya,Mikhalevskaya,high-mid,268127,у,later,нее,gen,f,yes
npo1965,1965,male,Mikhalevskaya,Mikhalevskaya,high-mid,463237,с,initial,ней,ins,f,yes
npo1965,1965,male,Mikhalevskaya,Mikhalevskaya,high-mid,463325,у,later,нее,gen,f,yes
npo1965,1965,male,Mikhalevskaya,Mikhalevskaya,high-mid,463397,у,later,нее,gen,f,yes
npo1965,1965,male,Mikhalevskaya,Mikhalevskaya,high-mid,466316,у,later,нее,gen,f,yes
npo1965,1965,male,Mikhalevskaya,Mikhalevskaya,high-mid,468051,с,initial,ней,ins,f,yes
npo1965,1965,male,Mikhalevskaya,Mikhalevskaya,high-mid,197694,у,later,них,gen,pl,yes
npo1965,1965,male,Mikhalevskaya,Mikhalevskaya,high-mid,197985,у,later,них,gen,pl,yes
npo1965,1965,male,Mikhalevskaya,Mikhalevskaya,high-mid,198099,у,later,них,gen,pl,yes
npo1965,1965,male,Mikhalevskaya,Mikhalevskaya,high-mid,198460,у,later,них,gen,pl,yes
npo1965,1965,male,Mikhalevskaya,Mikhalevskaya,high-mid,198471,у,later,них,gen,pl,yes
npo1965,1965,male,Mikhalevskaya,Mikhalevskaya,high-mid,202007,на,later,них,acc,pl,yes
npo1965,1965,male,Mikhalevskaya,Mikhalevskaya,high-mid,202350,мимо,later,них,gen,pl,no
npo1965,1965,male,Mikhalevskaya,Mikhalevskaya,high-mid,203044,с,initial,ними,ins,pl,yes
npo1965,1965,male,Mikhalevskaya,Mikhalevskaya,high-mid,204398,по,later,ним,dat,pl,no
npo1965,1965,male,Mikhalevskaya,Mikhalevskaya,high-mid,204687,у,later,них,gen,pl,yes
npo1965,1965,male,Mikhalevskaya,Mikhalevskaya,high-mid,205275,с,initial,ними,ins,pl,yes
npo1965,1965,male,Mikhalevskaya,Mikhalevskaya,high-mid,467082,с,initial,ними,ins,pl,yes
npo1965,1965,male,Mikhalevskaya,Mikhalevskaya,high-mid,467216,у,later,них,gen,pl,yes
npo1965,1965,male,Mikhalevskaya,Mikhalevskaya,high-mid,467229,у,later,них,gen,pl,yes
nvt1952,1952,male,Mikhalevskaya,Akichkin pochinok,high-mid,91977,у,later,него,gen,m,no
nvt1952,1952,male,Mikhalevskaya,Akichkin pochinok,high-mid,109179,с,initial,ним,ins,m,no
nvt1952,1952,male,Mikhalevskaya,Akichkin pochinok,high-mid,107098,на,later,него,acc,m,no
nvt1952,1952,male,Mikhalevskaya,Akichkin pochinok,high-mid,107102,у,later,него,gen,m,no
nvt1952,1952,male,Mikhalevskaya,Akichkin pochinok,high-mid,107131,на,later,него,acc,m,no
nvt1952,1952,male,Mikhalevskaya,Akichkin pochinok,high-mid,107307,на,later,него,acc,m,no
nvt1952,1952,male,Mikhalevskaya,Akichkin pochinok,high-mid,107334,к,initial,нему,dat,m,no
nvt1952,1952,male,Mikhalevskaya,Akichkin pochinok,high-mid,107382,к,initial,нему,dat,m,no
nvt1952,1952,male,Mikhalevskaya,Akichkin pochinok,high-mid,117045,у,later,них,gen,pl,no
nvt1952,1952,male,Mikhalevskaya,Akichkin pochinok,high-mid,107955,с,initial,ней,ins,f,no
nvt1952,1952,male,Mikhalevskaya,Akichkin pochinok,high-mid,117947,у,later,него,gen,m,no
nvt1952,1952,male,Mikhalevskaya,Akichkin pochinok,high-mid,108017,у,later,них,gen,pl,no
nvt1952,1952,male,Mikhalevskaya,Akichkin pochinok,high-mid,108056,у,later,них,gen,pl,no
nvt1952,1952,male,Mikhalevskaya,Akichkin pochinok,high-mid,119757,у,later,него,gen,m,no
nvt1952,1952,male,Mikhalevskaya,Akichkin pochinok,high-mid,119761,у,later,него,gen,m,no
nvt1952,1952,male,Mikhalevskaya,Akichkin pochinok,high-mid,119772,у,later,него,gen,m,no
nvt1952,1952,male,Mikhalevskaya,Akichkin pochinok,high-mid,107000,с,initial,ними,ins,pl,yes
nvt1952,1952,male,Mikhalevskaya,Akichkin pochinok,high-mid,193913,по,later,ней,dat,f,no
nvt1952,1952,male,Mikhalevskaya,Akichkin pochinok,high-mid,193919,по,later,ней,dat,f,no
nvt1952,1952,male,Mikhalevskaya,Akichkin pochinok,high-mid,193928,по,later,ней,dat,f,no
nvt1952,1952,male,Mikhalevskaya,Akichkin pochinok,high-mid,197118,с,initial,ней,ins,f,no
nvt1952,1952,male,Mikhalevskaya,Akichkin pochinok,high-mid,199432,у,later,нее,gen,f,no
nvt1952,1952,male,Mikhalevskaya,Akichkin pochinok,high-mid,195420,у,later,него,gen,m,no
nvt1952,1952,male,Mikhalevskaya,Akichkin pochinok,high-mid,193268,за,later,ними,ins,pl,no
ofsh1952,1952,female,Mikhalevskaya,Mikhalevskaya,low-mid,190390,у,later,него,gen,m,no
ofsh1952,1952,female,Mikhalevskaya,Mikhalevskaya,low-mid,187600,кроме,later,него,gen,m,yes
ofsh1952,1952,female,Mikhalevskaya,Mikhalevskaya,low-mid,192395,у,later,нее,gen,f,no
ofsh1952,1952,female,Mikhalevskaya,Mikhalevskaya,low-mid,192613,у,later,него,gen,m,no
ofsh1952,1952,female,Mikhalevskaya,Mikhalevskaya,low-mid,192707,у,later,него,gen,m,no
ofsh1952,1952,female,Mikhalevskaya,Mikhalevskaya,low-mid,192720,у,later,него,gen,m,no
ofsh1952,1952,female,Mikhalevskaya,Mikhalevskaya,low-mid,192788,с,initial,ним,ins,m,no
ofsh1952,1952,female,Mikhalevskaya,Mikhalevskaya,low-mid,193044,за,later,ним,ins,m,no
ofsh1952,1952,female,Mikhalevskaya,Mikhalevskaya,low-mid,367222,у,later,него,gen,m,no
ofsh1952,1952,female,Mikhalevskaya,Mikhalevskaya,low-mid,368673,после,later,него,gen,m,no
ofsh1952,1952,female,Mikhalevskaya,Mikhalevskaya,low-mid,369111,у,later,него,gen,m,no
ofsh1952,1952,female,Mikhalevskaya,Mikhalevskaya,low-mid,370727,для,later,него,gen,m,no
ofsh1952,1952,female,Mikhalevskaya,Mikhalevskaya,low-mid,371974,у,later,него,gen,m,no
ofsh1952,1952,female,Mikhalevskaya,Mikhalevskaya,low-mid,372231,с,initial,ним,ins,m,no
ofsh1952,1952,female,Mikhalevskaya,Mikhalevskaya,low-mid,373567,у,later,него,gen,m,no
ofsh1952,1952,female,Mikhalevskaya,Mikhalevskaya,low-mid,373591,у,later,него,gen,m,no
ofsh1952,1952,female,Mikhalevskaya,Mikhalevskaya,low-mid,368150,с,initial,ней,ins,f,no
ofsh1952,1952,female,Mikhalevskaya,Mikhalevskaya,low-mid,368802,у,later,них,gen,pl,yes
ofsh1952,1952,female,Mikhalevskaya,Mikhalevskaya,low-mid,375101,с,initial,них,gen,pl,yes
opsh1935,1935,female,Plosskoe,Plosskoe,high-mid,92102,к,initial,нему,dat,m,no
opsh1935,1935,female,Plosskoe,Plosskoe,high-mid,93517,с,initial,ним,ins,m,no
opsh1935,1935,female,Plosskoe,Plosskoe,high-mid,94487,с,initial,ним,ins,m,no
opsh1935,1935,female,Plosskoe,Plosskoe,high-mid,95044,у,later,него,gen,m,no
opsh1935,1935,female,Plosskoe,Plosskoe,high-mid,95239,с,initial,ним,ins,m,no
opsh1935,1935,female,Plosskoe,Plosskoe,high-mid,95336,у,later,него,gen,m,no
opsh1935,1935,female,Plosskoe,Plosskoe,high-mid,248513,про,later,него,gen,m,no
opsh1935,1935,female,Plosskoe,Plosskoe,high-mid,249006,у,later,него,gen,m,no
opsh1935,1935,female,Plosskoe,Plosskoe,high-mid,250373,к,initial,нему,dat,m,no
opsh1935,1935,female,Plosskoe,Plosskoe,high-mid,259314,у,later,него,gen,m,no
opsh1935,1935,female,Plosskoe,Plosskoe,high-mid,260425,у,later,него,gen,m,no
opsh1935,1935,female,Plosskoe,Plosskoe,high-mid,261882,с,initial,ним,ins,m,no
opsh1935,1935,female,Plosskoe,Plosskoe,high-mid,262981,у,later,него,gen,m,no
opsh1935,1935,female,Plosskoe,Plosskoe,high-mid,264125,у,later,него,gen,m,no
opsh1935,1935,female,Plosskoe,Plosskoe,high-mid,264184,у,later,него,gen,m,no
opsh1935,1935,female,Plosskoe,Plosskoe,high-mid,37711,у,later,ней,gen,f,no
opsh1935,1935,female,Plosskoe,Plosskoe,high-mid,92285,у,later,нее,gen,f,no
opsh1935,1935,female,Plosskoe,Plosskoe,high-mid,93061,у,later,ней,gen,f,no
opsh1935,1935,female,Plosskoe,Plosskoe,high-mid,247296,у,later,них,gen,pl,no
opsh1935,1935,female,Plosskoe,Plosskoe,high-mid,249572,с,initial,ними,ins,pl,no
opsh1935,1935,female,Plosskoe,Plosskoe,high-mid,249838,у,later,них,gen,pl,no
opsh1935,1935,female,Plosskoe,Plosskoe,high-mid,250259,у,later,них,gen,pl,no
opsh1935,1935,female,Plosskoe,Plosskoe,high-mid,259611,к,initial,ним,dat,pl,no
opsh1935,1935,female,Plosskoe,Plosskoe,high-mid,260258,от,later,них,gen,pl,no
opsh1935,1935,female,Plosskoe,Plosskoe,high-mid,261603,у,later,них,gen,pl,no
opsh1935,1935,female,Plosskoe,Plosskoe,high-mid,262844,от,later,них,gen,pl,no
pfp1928,1928,female,Mikhalevskaya,Bestuzhevo,low-mid,76319,с,initial,ним,ins,m,no
pfp1928,1928,female,Mikhalevskaya,Bestuzhevo,low-mid,156127,с,initial,ней,ins,f,no
pfp1928,1928,female,Mikhalevskaya,Bestuzhevo,low-mid,28887,у,later,них,gen,pl,no
pfp1928,1928,female,Mikhalevskaya,Bestuzhevo,low-mid,28936,за,later,ними,ins,pl,no
pfp1928,1928,female,Mikhalevskaya,Bestuzhevo,low-mid,174216,про,later,них,gen,pl,no
pfp1928,1928,female,Mikhalevskaya,Bestuzhevo,low-mid,170000,на,later,него,acc,m,no
pfp1928,1928,female,Mikhalevskaya,Bestuzhevo,low-mid,175263,с,initial,них,gen,pl,no
pfp1928,1928,female,Mikhalevskaya,Bestuzhevo,low-mid,170045,у,later,них,gen,pl,no
pfp1928,1928,female,Mikhalevskaya,Bestuzhevo,low-mid,175481,за,later,него,acc,m,no
pfp1928,1928,female,Mikhalevskaya,Bestuzhevo,low-mid,175568,за,later,него,acc,m,no
pfp1928,1928,female,Mikhalevskaya,Bestuzhevo,low-mid,175576,за,later,него,acc,m,no
pfp1928,1928,female,Mikhalevskaya,Bestuzhevo,low-mid,170112,на,later,него,acc,m,no
pfp1928,1928,female,Mikhalevskaya,Bestuzhevo,low-mid,170121,за,later,ним,ins,m,no
pfp1928,1928,female,Mikhalevskaya,Bestuzhevo,low-mid,170143,на,later,него,acc,m,no
pfp1928,1928,female,Mikhalevskaya,Bestuzhevo,low-mid,170178,к,initial,нему,dat,m,no
pfp1928,1928,female,Mikhalevskaya,Bestuzhevo,low-mid,170208,у,later,него,gen,m,no
pfp1928,1928,female,Mikhalevskaya,Bestuzhevo,low-mid,170211,у,later,него,gen,m,no
pfp1928,1928,female,Mikhalevskaya,Bestuzhevo,low-mid,170374,с,initial,ним,ins,m,no
pfp1928,1928,female,Mikhalevskaya,Bestuzhevo,low-mid,170470,с,initial,ним,ins,m,no
pfp1928,1928,female,Mikhalevskaya,Bestuzhevo,low-mid,170507,без,later,него,gen,m,no
pfp1928,1928,female,Mikhalevskaya,Bestuzhevo,low-mid,169693,с,initial,ним,ins,m,no
pfp1928,1928,female,Mikhalevskaya,Bestuzhevo,low-mid,299715,с,initial,ним,ins,m,no
pfp1928,1928,female,Mikhalevskaya,Bestuzhevo,low-mid,299811,у,later,него,gen,m,no
pfp1928,1928,female,Mikhalevskaya,Bestuzhevo,low-mid,299997,с,initial,ним,ins,m,no
pfp1928,1928,female,Mikhalevskaya,Bestuzhevo,low-mid,300011,с,initial,ним,ins,m,no
pfp1928,1928,female,Mikhalevskaya,Bestuzhevo,low-mid,300362,с,initial,ним,ins,m,no
pfp1928,1928,female,Mikhalevskaya,Bestuzhevo,low-mid,300627,у,later,него,gen,m,no
pfp1928,1928,female,Mikhalevskaya,Bestuzhevo,low-mid,300651,у,later,него,gen,m,no
pfp1928,1928,female,Mikhalevskaya,Bestuzhevo,low-mid,301104,к,initial,ней,dat,f,no
pfp1928,1928,female,Mikhalevskaya,Bestuzhevo,low-mid,302090,с,initial,ней,ins,f,no
pfp1928,1928,female,Mikhalevskaya,Bestuzhevo,low-mid,302291,с,initial,ней,ins,f,no
pfp1928,1928,female,Mikhalevskaya,Bestuzhevo,low-mid,303451,с,initial,ним,ins,m,no
pfp1928,1928,female,Mikhalevskaya,Bestuzhevo,low-mid,303599,на,later,него,acc,m,no
pfp1928,1928,female,Mikhalevskaya,Bestuzhevo,low-mid,303725,на,later,него,acc,m,no
pfp1928,1928,female,Mikhalevskaya,Bestuzhevo,low-mid,303992,на,later,них,acc,pl,no
pfp1928,1928,female,Mikhalevskaya,Bestuzhevo,low-mid,305214,у,later,них,gen,pl,no
pfp1928,1928,female,Mikhalevskaya,Bestuzhevo,low-mid,297485,от,later,них,gen,pl,no
pfp1928,1928,female,Mikhalevskaya,Bestuzhevo,low-mid,297497,у,later,них,gen,pl,no
pfp1928,1928,female,Mikhalevskaya,Bestuzhevo,low-mid,297745,к,initial,ним,dat,pl,no
pfp1928,1928,female,Mikhalevskaya,Bestuzhevo,low-mid,297811,у,later,нее,gen,f,no
pfp1928,1928,female,Mikhalevskaya,Bestuzhevo,low-mid,296792,с,initial,ним,ins,m,no
pfp1928,1928,female,Mikhalevskaya,Bestuzhevo,low-mid,298498,у,later,них,gen,pl,no
pfp1928,1928,female,Mikhalevskaya,Bestuzhevo,low-mid,298686,с,initial,ним,ins,m,no
pfp1928,1928,female,Mikhalevskaya,Bestuzhevo,low-mid,101182,с,initial,ним,ins,m,no
pfp1928,1928,female,Mikhalevskaya,Bestuzhevo,low-mid,101164,с,initial,ней,ins,f,no
pfp1928,1928,female,Mikhalevskaya,Bestuzhevo,low-mid,103782,у,later,него,gen,m,no
pfp1928,1928,female,Mikhalevskaya,Bestuzhevo,low-mid,101459,за,later,него,acc,m,no
pfp1928,1928,female,Mikhalevskaya,Bestuzhevo,low-mid,101466,с,initial,ним,ins,m,yes
pfp1928,1928,female,Mikhalevskaya,Bestuzhevo,low-mid,102841,без,later,него,gen,m,no
pfp1928,1928,female,Mikhalevskaya,Bestuzhevo,low-mid,103268,на,later,него,acc,m,no
pfp1928,1928,female,Mikhalevskaya,Bestuzhevo,low-mid,103330,к,initial,нему,dat,m,no
pfp1928,1928,female,Mikhalevskaya,Bestuzhevo,low-mid,103342,у,later,него,gen,m,no
pfp1928,1928,female,Mikhalevskaya,Bestuzhevo,low-mid,103447,у,later,него,gen,m,no
pfp1928,1928,female,Mikhalevskaya,Bestuzhevo,low-mid,103454,у,later,него,gen,m,no
pfp1928,1928,female,Mikhalevskaya,Bestuzhevo,low-mid,160478,с,initial,ними,ins,pl,no
pfp1928,1928,female,Mikhalevskaya,Bestuzhevo,low-mid,157967,за,later,него,acc,m,no
pfp1928,1928,female,Mikhalevskaya,Bestuzhevo,low-mid,158941,у,later,него,gen,m,no
pfp1928,1928,female,Mikhalevskaya,Bestuzhevo,low-mid,158938,у,later,них,gen,pl,no
pfp1928,1928,female,Mikhalevskaya,Bestuzhevo,low-mid,159305,к,initial,нему,dat,m,no
pfp1928,1928,female,Mikhalevskaya,Bestuzhevo,low-mid,159820,на,later,них,acc,pl,no
pfp1928,1928,female,Mikhalevskaya,Bestuzhevo,low-mid,120419,к,initial,нему,dat,m,no
pfp1928,1928,female,Mikhalevskaya,Bestuzhevo,low-mid,120548,с,initial,ним,ins,m,no
pfp1928,1928,female,Mikhalevskaya,Bestuzhevo,low-mid,120569,за,later,ним,ins,m,no
pfp1928,1928,female,Mikhalevskaya,Bestuzhevo,low-mid,120627,по,later,него,dat,m,no
pfp1928,1928,female,Mikhalevskaya,Bestuzhevo,low-mid,121260,наперед,later,ней,ins,f,no
pfp1928,1928,female,Mikhalevskaya,Bestuzhevo,low-mid,117171,у,later,них,gen,pl,no
pfp1928,1928,female,Mikhalevskaya,Bestuzhevo,low-mid,117201,у,later,нее,gen,f,no
ppp1955,1955,male,Mikhalevskaya,Mikhalevskaya,high-mid,428375,у,later,него,gen,m,no
ppp1955,1955,male,Mikhalevskaya,Mikhalevskaya,high-mid,428383,у,later,него,gen,m,no
ppp1955,1955,male,Mikhalevskaya,Mikhalevskaya,high-mid,428559,у,later,него,gen,m,no
ppp1955,1955,male,Mikhalevskaya,Mikhalevskaya,high-mid,428686,напротив,later,него,gen,m,no
ppp1955,1955,male,Mikhalevskaya,Mikhalevskaya,high-mid,432583,у,later,него,gen,m,no
ppp1955,1955,male,Mikhalevskaya,Mikhalevskaya,high-mid,433443,у,later,него,gen,m,no
ppp1955,1955,male,Mikhalevskaya,Mikhalevskaya,high-mid,427014,с,initial,ней,ins,f,yes
ppp1955,1955,male,Mikhalevskaya,Mikhalevskaya,high-mid,428849,на,later,нее,acc,f,no
ppp1955,1955,male,Mikhalevskaya,Mikhalevskaya,high-mid,432438,у,later,нее,gen,f,no
ppp1955,1955,male,Mikhalevskaya,Mikhalevskaya,high-mid,427649,у,later,них,gen,pl,no
sek1930,1930,male,Plosskoe,Plosskoe,low-mid,95718,у,later,него,gen,m,yes
sek1930,1930,male,Plosskoe,Plosskoe,low-mid,95723,у,later,него,gen,m,no
sek1930,1930,male,Plosskoe,Plosskoe,low-mid,99981,у,later,него,gen,m,yes
sek1930,1930,male,Plosskoe,Plosskoe,low-mid,106931,с,initial,него,gen,m,no
sek1930,1930,male,Plosskoe,Plosskoe,low-mid,107249,при,later,нем,loc,m,no
sek1930,1930,male,Plosskoe,Plosskoe,low-mid,107968,у,later,него,gen,m,no
sek1930,1930,male,Plosskoe,Plosskoe,low-mid,108219,у,later,него,gen,m,no
sek1930,1930,male,Plosskoe,Plosskoe,low-mid,108348,у,later,него,gen,m,no
sek1930,1930,male,Plosskoe,Plosskoe,low-mid,108414,к,initial,ней,dat,f,no
sek1930,1930,male,Plosskoe,Plosskoe,low-mid,95962,у,later,них,gen,pl,no
sek1930,1930,male,Plosskoe,Plosskoe,low-mid,102752,к,initial,ним,dat,pl,no
sek1930,1930,male,Plosskoe,Plosskoe,low-mid,265466,у,later,него,gen,m,no
sek1930,1930,male,Plosskoe,Plosskoe,low-mid,579155,с,initial,ним,ins,m,no
sek1930,1930,male,Plosskoe,Plosskoe,low-mid,579312,на,later,него,acc,m,no
sek1930,1930,male,Plosskoe,Plosskoe,low-mid,265365,в,initial,ней,loc,f,no
sek1930,1930,male,Plosskoe,Plosskoe,low-mid,575704,у,later,них,gen,pl,no
sek1930,1930,male,Plosskoe,Plosskoe,low-mid,575778,за,later,ними,ins,pl,no
sek1930,1930,male,Plosskoe,Plosskoe,low-mid,575809,с,initial,ними,ins,pl,no
sek1930,1930,male,Plosskoe,Plosskoe,low-mid,575896,для,later,них,gen,pl,no
sek1930,1930,male,Plosskoe,Plosskoe,low-mid,575916,над,later,ними,ins,pl,no
sek1930,1930,male,Plosskoe,Plosskoe,low-mid,575951,на,later,них,acc,pl,yes
sek1930,1930,male,Plosskoe,Plosskoe,low-mid,577722,на,later,них,loc,pl,no
sek1930,1930,male,Plosskoe,Plosskoe,low-mid,579069,у,later,них,gen,pl,no
sek1930,1930,male,Plosskoe,Plosskoe,low-mid,579148,у,later,них,gen,pl,no
sek1930,1930,male,Plosskoe,Plosskoe,low-mid,579178,у,later,них,gen,pl,no
svp1975,1975,male,Mikhalevskaya,Mikhalevskaya,high,25885,у,later,них,gen,pl,yes
svp1975,1975,male,Mikhalevskaya,Mikhalevskaya,high,25898,у,later,них,gen,pl,yes
svp1975,1975,male,Mikhalevskaya,Mikhalevskaya,high,26060,у,later,него,gen,m,yes
svp1975,1975,male,Mikhalevskaya,Mikhalevskaya,high,26673,от,later,него,gen,m,yes
svp1975,1975,male,Mikhalevskaya,Mikhalevskaya,high,27925,у,later,него,gen,m,yes
svp1975,1975,male,Mikhalevskaya,Mikhalevskaya,high,28563,на,later,ней,loc,f,yes
svp1975,1975,male,Mikhalevskaya,Mikhalevskaya,high,31331,у,later,него,gen,m,yes
svp1975,1975,male,Mikhalevskaya,Mikhalevskaya,high,34552,у,later,них,gen,pl,yes
svp1975,1975,male,Mikhalevskaya,Mikhalevskaya,high,215405,на,later,нее,acc,f,yes
svp1975,1975,male,Mikhalevskaya,Mikhalevskaya,high,215552,на,later,нее,acc,f,yes
svp1975,1975,male,Mikhalevskaya,Mikhalevskaya,high,215632,у,later,нее,gen,f,yes
svp1975,1975,male,Mikhalevskaya,Mikhalevskaya,high,281458,на,later,ней,loc,f,yes
svp1975,1975,male,Mikhalevskaya,Mikhalevskaya,high,218885,у,later,него,gen,m,yes
svp1975,1975,male,Mikhalevskaya,Mikhalevskaya,high,278955,у,later,него,gen,m,yes
svp1975,1975,male,Mikhalevskaya,Mikhalevskaya,high,279568,от,later,него,gen,m,yes
svp1975,1975,male,Mikhalevskaya,Mikhalevskaya,high,280820,у,later,него,gen,m,yes
svp1975,1975,male,Mikhalevskaya,Mikhalevskaya,high,284226,у,later,него,gen,m,yes
svp1975,1975,male,Mikhalevskaya,Mikhalevskaya,high,216094,у,later,них,gen,pl,yes
vap1963,1963,female,Mikhalevskaya,Mikhalevskaya,high,189427,у,later,него,gen,m,yes
vap1963,1963,female,Mikhalevskaya,Mikhalevskaya,high,189628,у,later,него,gen,m,yes
vap1963,1963,female,Mikhalevskaya,Mikhalevskaya,high,189640,у,later,него,gen,m,yes
vap1963,1963,female,Mikhalevskaya,Mikhalevskaya,high,189643,у,later,него,gen,m,yes
vap1963,1963,female,Mikhalevskaya,Mikhalevskaya,high,189653,у,later,него,gen,m,yes
vap1963,1963,female,Mikhalevskaya,Mikhalevskaya,high,190791,у,later,него,gen,m,yes
vap1963,1963,female,Mikhalevskaya,Mikhalevskaya,high,190809,у,later,него,gen,m,yes
vap1963,1963,female,Mikhalevskaya,Mikhalevskaya,high,191335,у,later,него,gen,m,yes
vap1963,1963,female,Mikhalevskaya,Mikhalevskaya,high,191482,у,later,него,gen,m,yes
vap1963,1963,female,Mikhalevskaya,Mikhalevskaya,high,194122,у,later,него,gen,m,yes
vap1963,1963,female,Mikhalevskaya,Mikhalevskaya,high,431009,у,later,него,gen,m,yes
vap1963,1963,female,Mikhalevskaya,Mikhalevskaya,high,433279,у,later,него,gen,m,yes
vap1963,1963,female,Mikhalevskaya,Mikhalevskaya,high,435002,над,later,ним,ins,m,yes
vap1963,1963,female,Mikhalevskaya,Mikhalevskaya,high,435098,у,later,него,gen,m,yes
vap1963,1963,female,Mikhalevskaya,Mikhalevskaya,high,191183,к,initial,ней,dat,f,yes
vap1963,1963,female,Mikhalevskaya,Mikhalevskaya,high,193049,у,later,нее,gen,f,yes
vap1963,1963,female,Mikhalevskaya,Mikhalevskaya,high,193102,у,later,нее,gen,f,yes
vap1963,1963,female,Mikhalevskaya,Mikhalevskaya,high,193137,у,later,нее,gen,f,yes
vap1963,1963,female,Mikhalevskaya,Mikhalevskaya,high,193976,у,later,нее,gen,f,yes
vap1963,1963,female,Mikhalevskaya,Mikhalevskaya,high,194025,у,later,нее,gen,f,yes
vap1963,1963,female,Mikhalevskaya,Mikhalevskaya,high,194039,у,later,нее,gen,f,yes
vap1963,1963,female,Mikhalevskaya,Mikhalevskaya,high,194075,у,later,нее,gen,f,yes
vap1963,1963,female,Mikhalevskaya,Mikhalevskaya,high,194455,у,later,нее,gen,f,yes
vap1963,1963,female,Mikhalevskaya,Mikhalevskaya,high,194465,у,later,нее,gen,f,yes
vap1963,1963,female,Mikhalevskaya,Mikhalevskaya,high,194474,у,later,нее,gen,f,yes
vap1963,1963,female,Mikhalevskaya,Mikhalevskaya,high,194516,у,later,нее,gen,f,yes
vap1963,1963,female,Mikhalevskaya,Mikhalevskaya,high,432347,у,later,нее,gen,f,yes
vap1963,1963,female,Mikhalevskaya,Mikhalevskaya,high,432431,у,later,нее,gen,f,yes
vap1963,1963,female,Mikhalevskaya,Mikhalevskaya,high,432464,у,later,нее,gen,f,yes
vap1963,1963,female,Mikhalevskaya,Mikhalevskaya,high,432471,у,later,нее,gen,f,yes
vap1963,1963,female,Mikhalevskaya,Mikhalevskaya,high,190848,у,later,них,gen,pl,yes
vap1963,1963,female,Mikhalevskaya,Mikhalevskaya,high,193966,у,later,них,gen,pl,yes
vap1963,1963,female,Mikhalevskaya,Mikhalevskaya,high,194196,у,later,них,gen,pl,yes
vap1963,1963,female,Mikhalevskaya,Mikhalevskaya,high,194340,у,later,них,gen,pl,yes
vap1963,1963,female,Mikhalevskaya,Mikhalevskaya,high,194520,у,later,них,gen,pl,yes
vap1963,1963,female,Mikhalevskaya,Mikhalevskaya,high,431101,с,initial,ними,ins,pl,yes
vap1963,1963,female,Mikhalevskaya,Mikhalevskaya,high,433293,у,later,них,gen,pl,yes
vap1963,1963,female,Mikhalevskaya,Mikhalevskaya,high,434173,у,later,них,gen,pl,yes
vap1963,1963,female,Mikhalevskaya,Mikhalevskaya,high,524408,у,later,него,gen,m,yes
vap1963,1963,female,Mikhalevskaya,Mikhalevskaya,high,524472,у,later,него,gen,m,yes
vap1963,1963,female,Mikhalevskaya,Mikhalevskaya,high,527157,у,later,него,gen,m,yes
vap1963,1963,female,Mikhalevskaya,Mikhalevskaya,high,527547,с,initial,ним,ins,m,yes
vap1963,1963,female,Mikhalevskaya,Mikhalevskaya,high,527566,у,later,него,gen,m,yes
vap1963,1963,female,Mikhalevskaya,Mikhalevskaya,high,527571,у,later,него,gen,m,yes
vap1963,1963,female,Mikhalevskaya,Mikhalevskaya,high,522861,к,initial,ним,dat,pl,yes
vap1963,1963,female,Mikhalevskaya,Mikhalevskaya,high,522868,к,initial,ним,dat,pl,yes
vap1963,1963,female,Mikhalevskaya,Mikhalevskaya,high,523044,у,later,них,gen,pl,yes
vap1963,1963,female,Mikhalevskaya,Mikhalevskaya,high,523421,у,later,них,gen,pl,yes
vap1963,1963,female,Mikhalevskaya,Mikhalevskaya,high,523765,с,initial,ними,ins,pl,yes
vap1963,1963,female,Mikhalevskaya,Mikhalevskaya,high,523818,об,later,них,loc,pl,yes
vap1963,1963,female,Mikhalevskaya,Mikhalevskaya,high,526800,у,later,них,gen,pl,yes
vap1963,1963,female,Mikhalevskaya,Mikhalevskaya,high,527033,у,later,них,gen,pl,yes
vkch1966,1966,male,Mikhalevskaya,Mikhalevskaya,high,186749,к,initial,нему,dat,m,no
vkch1966,1966,male,Mikhalevskaya,Mikhalevskaya,high,327907,от,later,него,gen,m,no
vkch1966,1966,male,Mikhalevskaya,Mikhalevskaya,high,330218,у,later,него,gen,m,no
vkch1966,1966,male,Mikhalevskaya,Mikhalevskaya,high,330452,у,later,него,gen,m,no
vkch1966,1966,male,Mikhalevskaya,Mikhalevskaya,high,183883,у,later,нее,gen,f,no
vkch1966,1966,male,Mikhalevskaya,Mikhalevskaya,high,329924,у,later,них,gen,pl,no
vsp1996,1996,female,Mikhalevskaya,Mikhalevskaya,high,240555,с,initial,ней,ins,f,yes
vsp1996,1996,female,Mikhalevskaya,Mikhalevskaya,high,246361,с,initial,ней,ins,f,yes
vsp1996,1996,female,Mikhalevskaya,Mikhalevskaya,high,240770,у,later,них,gen,pl,yes
vsp1996,1996,female,Mikhalevskaya,Mikhalevskaya,high,240898,у,later,них,gen,pl,yes
